"roster_id","original_object_name","original_mesh_name","proposed_clean_asset_name","category","dimensions_m","vertex_count","triangle_count","materials","duplicate_status","reusable_status","recommended_action","approval_status","exported_filename","notes","bbox_min_m","bbox_max_m","bbox_center_m","mesh_users","source_transform_location","source_transform_rotation_euler","source_transform_scale"
"AP-0001","BUILDING_PODIUM001_garages_MELBOURNE_0","BUILDING_PODIUM001_garages_MELBOURNE_0","Building_Podium_A","pit","(10.6987, 7.0777, 3.1615)","874","472","['garages_MELBOURNE']","unique","review","review","not_started","","","(313.3525, -223.8818, 2.2776)","(324.0511, -216.8041, 5.4392)","(318.7018, -220.343, 3.8584)","1","(0.00262, -6e-05, -0.00027)","(0.0, 0.0, 0.0)","(1.0, 1.0, 1.0)"
"AP-0002","BUILDINGS_00_MELBOURNE_0","BUILDINGS_00_MELBOURNE_0","Building_Backdrop_A","building","(170.2908, 85.2103, 15.0175)","12126","7140","['MELBOURNE']","unique","review","review","not_started","","","(286.8651, -272.415, -2.0936)","(457.1559, -187.2047, 12.9239)","(372.0104, -229.8098, 5.4151)","1","(0.00137, 0.0005, 0.00378)","(0.0, 0.0, 0.0)","(1.0, 1.0, 1.0)"
"AP-0003","BUILDINGS_01_MELBOURNE_0","BUILDINGS_01_MELBOURNE_0","Building_Backdrop_02","building","(87.9473, 61.811, 18.4882)","14419","7836","['MELBOURNE']","unique","review","review","not_started","","","(533.364, -121.6023, -4.1312)","(621.3113, -59.7913, 14.357)","(577.3376, -90.6968, 5.1129)","1","(-0.00156, 0.00044, 0.00378)","(0.0, 0.0, 0.0)","(1.0, 1.0, 1.0)"
"AP-0004","BUILDINGS_02_MELBOURNE_0","BUILDINGS_02_MELBOURNE_0","Building_Backdrop_03","building","(57.3159, 45.6621, 24.7053)","3984","2694","['MELBOURNE']","unique","review","review","not_started","","","(-18.2186, 84.7273, -2.6263)","(39.0973, 130.3894, 22.079)","(10.4394, 107.5583, 9.7264)","1","(0.00137, 0.00049, 0.00036)","(0.0, 0.0, 0.0)","(1.0, 1.0, 1.0)"
"AP-0005","BUILDINGS_03_MELBOURNE_0","BUILDINGS_03_MELBOURNE_0","Building_Backdrop_04","building","(82.5745, 72.6349, 21.8209)","2115","1332","['MELBOURNE']","unique","review","review","not_started","","","(29.9491, 55.9187, -0.6961)","(112.5237, 128.5537, 21.1248)","(71.2364, 92.2362, 10.2143)","1","(0.00039, 0.00068, -0.0011)","(0.0, 0.0, 0.0)","(1.0, 1.0, 1.0)"
"AP-0006","BUILDINGS_04_MELBOURNE_0","BUILDINGS_04_MELBOURNE_0","Building_Backdrop_05","building","(100.2568, 101.1454, 13.4442)","3306","1870","['MELBOURNE']","unique","review","review","not_started","","","(-119.9643, 19.243, -0.6669)","(-19.7076, 120.3885, 12.7773)","(-69.836, 69.8158, 6.0552)","1","(0.00186, 0.00045, 0.00085)","(0.0, 0.0, 0.0)","(1.0, 1.0, 1.0)"
"AP-0007","BUILDINGS_05_MELBOURNE_0","BUILDINGS_05_MELBOURNE_0","Building_Backdrop_06","building","(226.0824, 197.2818, 37.1714)","4941","2306","['MELBOURNE']","unique","review","review","not_started","","","(-223.1964, -175.5569, -2.1097)","(2.886, 21.7249, 35.0617)","(-110.1552, -76.916, 16.476)","1","(0.00186, 0.00052, -0.0011)","(0.0, 0.0, 0.0)","(1.0, 1.0, 1.0)"
"AP-0008","BUILDINGS_06_MELBOURNE_0","BUILDINGS_06_MELBOURNE_0","Building_Backdrop_07","building","(170.1366, 160.0542, 18.8311)","11943","4726","['MELBOURNE']","unique","review","review","not_started","","","(573.0142, -448.7146, -6.0807)","(743.1508, -288.6605, 12.7504)","(658.0825, -368.6876, 3.3349)","1","(0.00332, 0.00044, -0.00061)","(0.0, 0.0, 0.0)","(1.0, 1.0, 1.0)"
"AP-0009","BUILDINGS_07_MELBOURNE_0","BUILDINGS_07_MELBOURNE_0","Building_Backdrop_08","building","(527.4341, 224.0023, 18.981)","18122","9094","['MELBOURNE']","unique","review","review","not_started","","","(106.5145, -503.8926, -5.9683)","(633.9486, -279.8904, 13.0127)","(370.2316, -391.8915, 3.5222)","1","(-0.0001, 0.00078, -0.0011)","(0.0, 0.0, 0.0)","(1.0, 1.0, 1.0)"
"AP-0010","BUILDINGS_08_MELBOURNE_0","BUILDINGS_08_MELBOURNE_0","Building_Backdrop_09","building","(501.5157, 414.3582, 21.8671)","65851","25424","['MELBOURNE']","unique","review","review","not_started","","","(-400.319, -268.3124, -1.5634)","(101.1967, 146.0458, 20.3036)","(-149.5611, -61.1333, 9.3701)","1","(0.00332, 0.00032, 0.00085)","(0.0, 0.0, 0.0)","(1.0, 1.0, 1.0)"
"AP-0011","BUILDINGS_08_MELBOURNE_0.001","BUILDINGS_08_MELBOURNE_0.001","Building_Backdrop_10","building","(215.1488, 133.3984, 21.03)","62593","23636","['MELBOURNE']","unique","review","review","not_started","","","(-282.2341, -218.6794, -1.2685)","(-67.0854, -85.281, 19.7614)","(-174.6597, -151.9802, 9.2464)","1","(0.00332, 0.00032, 0.00085)","(0.0, 0.0, 0.0)","(1.0, 1.0, 1.0)"
"AP-0012","BUILDINGS_09_MELBOURNE_0","BUILDINGS_09_MELBOURNE_0","Building_Backdrop_11","building","(23.1234, 17.9102, 9.7611)","249","136","['MELBOURNE']","unique","review","review","not_started","","","(215.9355, -238.8061, -2.8363)","(239.0588, -220.8958, 6.9248)","(227.4971, -229.851, 2.0443)","1","(0.00235, 0.0012, 0.00134)","(0.0, 0.0, 0.0)","(1.0, 1.0, 1.0)"
"AP-0013","BUILDINGS_10_MELBOURNE_0","BUILDINGS_10_MELBOURNE_0","Building_Backdrop_12","building","(339.6501, 327.7674, 73.3897)","65631","44858","['MELBOURNE']","unique","review","review","not_started","","","(391.7192, 13.8726, -5.8974)","(731.3694, 341.64, 67.4923)","(561.5443, 177.7563, 30.7975)","1","(0.00023, -3e-05, -0.0007)","(0.0, 0.0, 0.0)","(1.0, 1.0, 1.0)"
"AP-0014","BUILDINGS_10_MELBOURNE_0.001","BUILDINGS_10_MELBOURNE_0.001","Building_Backdrop_13","building","(280.9326, 262.3443, 35.8563)","7197","5644","['MELBOURNE']","unique","review","review","not_started","","","(442.2539, 43.954, -1.2526)","(723.1866, 306.2983, 34.6037)","(582.7203, 175.1261, 16.6755)","1","(0.00023, -3e-05, -0.0007)","(0.0, 0.0, 0.0)","(1.0, 1.0, 1.0)"
"AP-0015","BUILDINGS_11_MELBOURNE_0","BUILDINGS_11_MELBOURNE_0","Building_Backdrop_14","building","(278.7748, 273.2407, 52.5108)","57647","33400","['MELBOURNE']","unique","review","review","not_started","","","(615.3944, -187.4738, -5.2263)","(894.1693, 85.7669, 47.2845)","(754.7819, -50.8535, 21.0291)","1","(-0.00171, -6e-05, -0.00055)","(0.0, 0.0, 0.0)","(1.0, 1.0, 1.0)"
"AP-0016","BUILDINGS_12_MELBOURNE_0","BUILDINGS_12_MELBOURNE_0","Building_Backdrop_15","building","(295.16, 214.0251, 96.676)","30460","22537","['MELBOURNE']","unique","review","review","not_started","","","(818.1735, -332.8363, -7.7601)","(1113.3335, -118.8111, 88.9159)","(965.7535, -225.8237, 40.5779)","1","(-0.00236, -0.00014, -0.00083)","(0.0, 0.0, 0.0)","(1.0, 1.0, 1.0)"
"AP-0017","BUILDINGS_13_MELBOURNE_0","BUILDINGS_13_MELBOURNE_0","Building_Backdrop_16","building","(216.1984, 324.1689, 71.0677)","66143","28273","['MELBOURNE']","unique","review","review","not_started","","","(-40.0564, 333.098, -5.6263)","(176.142, 657.267, 65.4414)","(68.0428, 495.1825, 29.9076)","1","(0.00101, 0.0, 0.00212)","(0.0, 0.0, 0.0)","(1.0, 1.0, 1.0)"
"AP-0018","BUILDINGS_13_MELBOURNE_0.001","BUILDINGS_13_MELBOURNE_0.001","Building_Backdrop_17","building","(310.114, 400.3802, 90.4438)","43565","22091","['MELBOURNE']","unique","review","review","not_started","","","(-58.9252, 257.2639, -5.8039)","(251.1887, 657.6441, 84.6399)","(96.1317, 457.454, 39.418)","1","(0.00101, 0.0, 0.00212)","(0.0, 0.0, 0.0)","(1.0, 1.0, 1.0)"
"AP-0019","BUILDINGS_14_MELBOURNE_0","BUILDINGS_14_MELBOURNE_0","Building_Backdrop_18","building","(567.3231, 437.8418, 16.4215)","27987","10617","['MELBOURNE']","unique","review","review","not_started","","","(-274.9354, -79.2296, -3.9109)","(292.3877, 358.6122, 12.5106)","(8.7262, 139.6913, 4.2998)","1","(0.00018, 0.00018, -7e-05)","(0.0, 0.0, 0.0)","(1.0, 1.0, 1.0)"
"AP-0020","BUILDINGS_15_MELBOURNE_0","BUILDINGS_15_MELBOURNE_0","Building_Backdrop_19","building","(297.562, 294.4075, 83.2789)","65796","24851","['MELBOURNE']","unique","review","review","not_started","","","(201.7675, 269.588, -4.879)","(499.3295, 563.9954, 78.3999)","(350.5485, 416.7917, 36.7605)","1","(-0.00064, -0.00054, -0.0035)","(0.0, 0.0, 0.0)","(1.0, 1.0, 1.0)"
"AP-0021","BUILDINGS_15_MELBOURNE_0.001","BUILDINGS_15_MELBOURNE_0.001","Building_Backdrop_20","building","(266.8468, 210.2616, 80.112)","60262","21516","['MELBOURNE']","unique","review","review","not_started","","","(232.7536, 354.8013, -0.1846)","(499.6004, 565.0629, 79.9274)","(366.177, 459.9321, 39.8714)","1","(-0.00064, -0.00054, -0.0035)","(0.0, 0.0, 0.0)","(1.0, 1.0, 1.0)"
"AP-0022","BUILDINGS_16_MELBOURNE_0","BUILDINGS_16_MELBOURNE_0","Building_Backdrop_21","building","(299.5564, 359.7169, 40.0099)","29661","15487","['MELBOURNE']","unique","review","review","not_started","","","(736.8278, -653.8127, -6.3193)","(1036.3842, -294.0958, 33.6905)","(886.606, -473.9543, 13.6856)","1","(0.00023, 0.00082, -0.00219)","(0.0, 0.0, 0.0)","(1.0, 1.0, 1.0)"
"AP-0023","COLLIDER_OUTSIDE_COLLIDER_MELBOURNE_0","COLLIDER_OUTSIDE_COLLIDER_MELBOURNE_0","COL_Source_A","collider","(997.3996, 724.393, 21.3065)","1150","576","['COLLIDER_MELBOURNE']","unique","track-specific","review","not_started","","Keep collision logically separate from visible geometry.","(-142.8217, -398.7217, -5.303)","(854.5779, 325.6713, 16.0035)","(355.8781, -36.5252, 5.3502)","1","(-0.00057, 4e-05, -0.00052)","(0.0, 0.0, 0.0)","(1.0, 1.0, 1.0)"
"AP-0024","COLLIDER_PITWALL_COLLIDER_MELBOURNE_0","COLLIDER_PITWALL_COLLIDER_MELBOURNE_0","COL_Source_02","collider","(205.0968, 79.9543, 19.796)","120","70","['COLLIDER_MELBOURNE']","unique","track-specific","review","not_started","","Keep collision logically separate from visible geometry.","(264.2644, -291.4153, -6.0232)","(469.3611, -211.461, 13.7728)","(366.8127, -251.4382, 3.8748)","1","(-0.00217, 9e-05, -0.00143)","(0.0, 0.0, 0.0)","(1.0, 1.0, 1.0)"
"AP-0025","COLLIDER_TYRE_BLOCK_00_COLLIDER_MELBOURNE_0","COLLIDER_TYRE_BLOCK_00_COLLIDER_MELBOURNE_0","COL_Source_03","collider","(43.4251, 56.3638, 1.4954)","369","185","['COLLIDER_MELBOURNE']","unique","track-specific","review","not_started","","Keep collision logically separate from visible geometry.","(111.6507, -183.8923, -1.5476)","(155.0758, -127.5285, -0.0523)","(133.3633, -155.7104, -0.8)","1","(-0.00097, 9e-05, -0.00028)","(0.0, 0.0, 0.0)","(1.0, 1.0, 1.0)"
"AP-0026","COLLIDER_TYRE_BLOCK_01_COLLIDER_MELBOURNE_0","COLLIDER_TYRE_BLOCK_01_COLLIDER_MELBOURNE_0","COL_Source_04","collider","(85.2986, 64.2911, 1.8166)","472","238","['COLLIDER_MELBOURNE']","unique","track-specific","review","not_started","","Keep collision logically separate from visible geometry.","(-106.9167, -13.6372, -1.119)","(-21.618, 50.6539, 0.6976)","(-64.2674, 18.5083, -0.2107)","1","(-3e-05, 3e-05, 0.00031)","(0.0, 0.0, 0.0)","(1.0, 1.0, 1.0)"
"AP-0027","COLLIDER_TYRE_BLOCK_02_COLLIDER_MELBOURNE_0","COLLIDER_TYRE_BLOCK_02_COLLIDER_MELBOURNE_0","COL_Source_05","collider","(80.5665, 45.6033, 1.6186)","388","194","['COLLIDER_MELBOURNE']","unique","track-specific","review","not_started","","Keep collision logically separate from visible geometry.","(-21.7362, 63.1886, -0.6732)","(58.8304, 108.792, 0.9453)","(18.5471, 85.9903, 0.1361)","1","(-7e-05, 3e-05, 9e-05)","(0.0, 0.0, 0.0)","(1.0, 1.0, 1.0)"
"AP-0028","COLLIDER_TYRE_BLOCK_03_COLLIDER_MELBOURNE_0","COLLIDER_TYRE_BLOCK_03_COLLIDER_MELBOURNE_0","COL_Source_06","collider","(75.1243, 45.0313, 1.6217)","439","217","['COLLIDER_MELBOURNE']","unique","track-specific","review","not_started","","Keep collision logically separate from visible geometry.","(73.1677, 250.2091, -0.3037)","(148.292, 295.2404, 1.3179)","(110.7299, 272.7247, 0.5071)","1","(-0.00078, 0.00011, -0.00183)","(0.0, 0.0, 0.0)","(1.0, 1.0, 1.0)"
"AP-0029","COLLIDER_TYRE_BLOCK_04_COLLIDER_MELBOURNE_0","COLLIDER_TYRE_BLOCK_04_COLLIDER_MELBOURNE_0","COL_Source_07","collider","(102.8935, 81.8248, 1.5333)","541","263","['COLLIDER_MELBOURNE']","unique","track-specific","review","not_started","","Keep collision logically separate from visible geometry.","(433.4243, -109.0349, -0.8653)","(536.3179, -27.2101, 0.668)","(484.8711, -68.1225, -0.0986)","1","(-0.00048, 0.00031, -0.00045)","(0.0, 0.0, 0.0)","(1.0, 1.0, 1.0)"
"AP-0030","COLLIDER_TYRE_BLOCK_05_COLLIDER_MELBOURNE_0","COLLIDER_TYRE_BLOCK_05_COLLIDER_MELBOURNE_0","COL_Source_08","collider","(43.0483, 29.0319, 1.3726)","199","101","['COLLIDER_MELBOURNE']","unique","track-specific","review","not_started","","Keep collision logically separate from visible geometry.","(496.7464, -30.4958, -0.6405)","(539.7947, -1.4639, 0.732)","(518.2705, -15.9799, 0.0458)","1","(-0.00407, 0.00019, -0.00017)","(0.0, 0.0, 0.0)","(1.0, 1.0, 1.0)"
"AP-0031","COLLIDER_TYRE_BLOCK_06_COLLIDER_MELBOURNE_0","COLLIDER_TYRE_BLOCK_06_COLLIDER_MELBOURNE_0","COL_Source_09","collider","(82.9137, 61.834, 1.6836)","402","202","['COLLIDER_MELBOURNE']","unique","track-specific","review","not_started","","Keep collision logically separate from visible geometry.","(645.4547, -293.0502, -1.4872)","(728.3683, -231.2163, 0.1965)","(686.9115, -262.1332, -0.6453)","1","(-0.00376, -4e-05, -0.00209)","(0.0, 0.0, 0.0)","(1.0, 1.0, 1.0)"
"AP-0032","COLLIDER_TYRE_BLOCK_07_COLLIDER_MELBOURNE_0","COLLIDER_TYRE_BLOCK_07_COLLIDER_MELBOURNE_0","COL_Source_10","collider","(84.6697, 60.5984, 1.4338)","424","202","['COLLIDER_MELBOURNE']","unique","track-specific","review","not_started","","Keep collision logically separate from visible geometry.","(527.7558, -316.469, -1.845)","(612.4255, -255.8706, -0.4112)","(570.0906, -286.1698, -1.1281)","1","(-0.00396, -0.0005, 0.00054)","(0.0, 0.0, 0.0)","(1.0, 1.0, 1.0)"
"AP-0033","COLLIDER_TYRE_BLOCK_08_COLLIDER_MELBOURNE_0","COLLIDER_TYRE_BLOCK_08_COLLIDER_MELBOURNE_0","COL_Source_11","collider","(47.5412, 67.381, 1.4928)","332","162","['COLLIDER_MELBOURNE']","unique","track-specific","review","not_started","","Keep collision logically separate from visible geometry.","(469.3062, -260.1876, -1.5898)","(516.8474, -192.8066, -0.0971)","(493.0768, -226.4971, -0.8435)","1","(0.00059, -0.00011, -0.00149)","(0.0, 0.0, 0.0)","(1.0, 1.0, 1.0)"
"AP-0034","COLLIDER_TYRE_BLOCK_016_COLLIDER_MELBOURNE_0","COLLIDER_TYRE_BLOCK_016_COLLIDER_MELBOURNE_0","COL_Source_12","collider","(82.2039, 39.8356, 1.4392)","398","202","['COLLIDER_MELBOURNE']","unique","track-specific","review","not_started","","Keep collision logically separate from visible geometry.","(85.0948, -121.9936, -1.1984)","(167.2987, -82.158, 0.2408)","(126.1968, -102.0758, -0.4788)","1","(-0.002, 4e-05, 0.00016)","(0.0, 0.0, 0.0)","(1.0, 1.0, 1.0)"
"AP-0035","COLLIDER_WALL_INSIDE_COLLIDER_MELBOURNE_0","COLLIDER_WALL_INSIDE_COLLIDER_MELBOURNE_0","COL_Source_13","collider","(860.0966, 641.4531, 21.1122)","942","482","['COLLIDER_MELBOURNE']","unique","track-specific","review","not_started","","Keep collision logically separate from visible geometry.","(-94.8182, -345.6746, -5.7737)","(765.2783, 295.7785, 15.3384)","(335.23, -24.948, 4.7824)","1","(-2e-05, -4e-05, 0.00012)","(0.0, 0.0, 0.0)","(1.0, 1.0, 1.0)"
"AP-0036","distance_50_left002_MELBOURNE_0","distance_50_left002_MELBOURNE_0","Sign_Braking_50_A","sign","(1.1407, 1.0284, 1.7205)","72","36","['MELBOURNE']","unique","yes","keep","not_started","Sign_Braking_50_A.glb","","(694.1744, -165.7648, 1.2103)","(695.3152, -164.7363, 2.9308)","(694.7448, -165.2506, 2.0705)","1","(0.00072, 0.00043, -0.00219)","(0.0, 0.0, 0.0)","(1.0, 1.0, 1.0)"
"AP-0037","distance_50_left003_MELBOURNE_0","distance_50_left003_MELBOURNE_0","Sign_Braking_50_02","sign","(0.8958, 1.2415, 1.721)","72","36","['MELBOURNE']","unique","yes","keep","not_started","Sign_Braking_50_02.glb","","(-23.1374, -48.0251, 0.7652)","(-22.2416, -46.7836, 2.4862)","(-22.6895, -47.4044, 1.6257)","1","(0.00026, -1e-05, -2e-05)","(0.0, 0.0, 0.0)","(1.0, 1.0, 1.0)"
"AP-0038","distance_50_right002_MELBOURNE_0","distance_50_right002_MELBOURNE_0","Sign_Braking_50_03","sign","(0.6196, 1.4396, 1.7214)","72","36","['MELBOURNE']","unique","yes","keep","not_started","Sign_Braking_50_03.glb","","(392.0896, -64.0668, 1.3916)","(392.7092, -62.6271, 3.1131)","(392.3994, -63.347, 2.2523)","1","(-0.00394, 0.00016, -0.0004)","(0.0, 0.0, 0.0)","(1.0, 1.0, 1.0)"
"AP-0039","distance_100_left002_MELBOURNE_0","distance_100_left002_MELBOURNE_0","Sign_Braking_100_A","sign","(1.143, 1.0305, 1.7205)","72","36","['MELBOURNE']","unique","yes","keep","approved","Sign_Braking_100_A.glb","Approved canonical GLB. Geometry/origin/orientation approved. Transform convention approved from AP-0039: +Z up, -Y forward/readable facing direction, X width. Generated 100 texture is acceptable for now but temporary; polish later.","(679.0186, -147.1984, 1.3186)","(680.1616, -146.1679, 3.0391)","(679.5901, -146.6831, 2.1789)","1","(0.00061, -0.00041, 0.0012)","(0.0, 0.0, 0.0)","(1.0, 1.0, 1.0)"
"AP-0040","distance_100_left003_MELBOURNE_0","distance_100_left003_MELBOURNE_0","Sign_Braking_100_02","sign","(0.8777, 1.2566, 1.721)","72","36","['MELBOURNE']","unique","yes","keep","not_started","Sign_Braking_100_02.glb","","(-3.7277, -62.1299, 0.8403)","(-2.8499, -60.8733, 2.5613)","(-3.2888, -61.5016, 1.7008)","1","(-2e-05, -4e-05, -0.00013)","(0.0, 0.0, 0.0)","(1.0, 1.0, 1.0)"
"AP-0041","distance_100_right002_MELBOURNE_0","distance_100_right002_MELBOURNE_0","Sign_Braking_100_03","sign","(0.5599, 1.2804, 1.721)","72","36","['MELBOURNE']","unique","yes","keep","not_started","Sign_Braking_100_03.glb","","(369.2047, -56.0217, 1.4213)","(369.7645, -54.7413, 3.1423)","(369.4846, -55.3815, 2.2818)","1","(-0.00098, 5e-05, -0.00019)","(0.0, 0.0, 0.0)","(1.0, 1.0, 1.0)"
"AP-0042","distance_150_left002_MELBOURNE_0","distance_150_left002_MELBOURNE_0","Sign_Braking_150_A","sign","(1.0844, 0.9787, 1.7203)","72","36","['MELBOURNE']","unique","yes","keep","not_started","Sign_Braking_150_A.glb","","(663.5926, -128.4986, 1.3624)","(664.6769, -127.5199, 3.0828)","(664.1348, -128.0092, 2.2226)","1","(0.00199, 0.00016, -0.00053)","(0.0, 0.0, 0.0)","(1.0, 1.0, 1.0)"
"AP-0043","distance_150_left003_MELBOURNE_0","distance_150_left003_MELBOURNE_0","Sign_Braking_150_02","sign","(0.8345, 1.1914, 1.7208)","72","36","['MELBOURNE']","unique","yes","keep","not_started","Sign_Braking_150_02.glb","","(16.3117, -75.2763, 0.8907)","(17.1462, -74.0849, 2.6116)","(16.7289, -74.6806, 1.7511)","1","(0.00023, -7e-05, -0.00067)","(0.0, 0.0, 0.0)","(1.0, 1.0, 1.0)"
"AP-0044","distance_150_right002_MELBOURNE_0","distance_150_right002_MELBOURNE_0","Sign_Braking_150_03","sign","(0.6042, 1.218, 1.7209)","72","36","['MELBOURNE']","unique","yes","keep","not_started","Sign_Braking_150_03.glb","","(346.6848, -47.7873, 1.519)","(347.289, -46.5693, 3.2399)","(346.9869, -47.1783, 2.3795)","1","(0.00113, -8e-05, -0.00034)","(0.0, 0.0, 0.0)","(1.0, 1.0, 1.0)"
"AP-0045","distance_200_left002_MELBOURNE_0","distance_200_left002_MELBOURNE_0","Sign_Braking_200_A","sign","(1.1172, 1.0076, 1.7204)","72","36","['MELBOURNE']","unique","yes","keep","not_started","Sign_Braking_200_A.glb","","(648.0748, -110.1975, 1.4054)","(649.192, -109.1899, 3.1258)","(648.6334, -109.6937, 2.2656)","1","(-0.00025, -0.00031, -0.00132)","(0.0, 0.0, 0.0)","(1.0, 1.0, 1.0)"
"AP-0046","distance_200_left003_MELBOURNE_0","distance_200_left003_MELBOURNE_0","Sign_Braking_200_02","sign","(0.8587, 1.2279, 1.7209)","72","36","['MELBOURNE']","unique","yes","keep","not_started","Sign_Braking_200_02.glb","","(36.9132, -87.6324, 1.0306)","(37.7718, -86.4045, 2.7515)","(37.3425, -87.0184, 1.8911)","1","(-3e-05, -0.00012, -0.00053)","(0.0, 0.0, 0.0)","(1.0, 1.0, 1.0)"
"AP-0047","LAMP_POST_DOUBLE001_MELBOURNE_0","LAMP_POST_DOUBLE001_MELBOURNE_0","Light_LampPost_Double_A","light","(3.1065, 2.9328, 24.171)","534","286","['MELBOURNE']","probable-duplicate","yes","keep","not_started","Light_LampPost_Double_A.glb","probable-duplicate","(-17.8888, -116.0599, -2.8159)","(-14.7823, -113.127, 21.3551)","(-16.3356, -114.5935, 9.2696)","1","(0.00031, 0.00011, -0.00023)","(0.0, 0.0, 0.0)","(1.0, 1.0, 1.0)"
"AP-0048","LAMP_POST_DOUBLE002_MELBOURNE_0","LAMP_POST_DOUBLE002_MELBOURNE_0","Light_LampPost_Double_02","light","(3.1065, 2.9328, 24.171)","534","286","['MELBOURNE']","probable-duplicate","yes","keep","not_started","Light_LampPost_Double_02.glb","probable-duplicate","(14.1298, -134.8135, -2.8599)","(17.2363, -131.8807, 21.3111)","(15.683, -133.3471, 9.2256)","1","(0.00049, 7e-05, -5e-05)","(0.0, 0.0, 0.0)","(1.0, 1.0, 1.0)"
"AP-0049","LAMP_POST_SINGLE001_MELBOURNE_0","LAMP_POST_SINGLE001_MELBOURNE_0","Light_LampPost_Single_A","light","(2.7301, 1.8925, 24.1686)","294","158","['MELBOURNE']","unique","yes","keep","not_started","Light_LampPost_Single_A.glb","","(26.5767, 161.4021, -2.1655)","(29.3067, 163.2947, 22.0031)","(27.9417, 162.3484, 9.9188)","1","(-0.00047, -0.0001, -0.0006)","(0.0, 0.0, 0.0)","(1.0, 1.0, 1.0)"
"AP-0050","LAMP_POST_SINGLE002_MELBOURNE_0","LAMP_POST_SINGLE002_MELBOURNE_0","Light_LampPost_Single_02","light","(2.6812, 1.6717, 24.1681)","294","158","['MELBOURNE']","unique","yes","keep","not_started","Light_LampPost_Single_02.glb","","(82.7728, 165.2529, -2.1564)","(85.454, 166.9247, 22.0116)","(84.1134, 166.0888, 9.9276)","1","(0.00068, -7e-05, 0.00172)","(0.0, 0.0, 0.0)","(1.0, 1.0, 1.0)"
"AP-0051","LAMP_POST_SINGLE003_MELBOURNE_0","LAMP_POST_SINGLE003_MELBOURNE_0","Light_LampPost_Single_03","light","(2.3565, 2.7641, 24.1706)","294","158","['MELBOURNE']","unique","yes","keep","not_started","Light_LampPost_Single_03.glb","","(103.2528, 110.8758, -1.7712)","(105.6093, 113.64, 22.3994)","(104.431, 112.2579, 10.3141)","1","(-0.00075, 3e-05, -0.00063)","(0.0, 0.0, 0.0)","(1.0, 1.0, 1.0)"
"AP-0052","LAMP_POST_SINGLE004_MELBOURNE_0","LAMP_POST_SINGLE004_MELBOURNE_0","Light_LampPost_Single_04","light","(2.6812, 1.6718, 24.168)","294","158","['MELBOURNE']","unique","yes","keep","not_started","Light_LampPost_Single_04.glb","","(33.8796, 99.8036, -2.3099)","(36.5608, 101.4753, 21.8582)","(35.2202, 100.6395, 9.7741)","1","(0.00013, 9e-05, -0.00103)","(0.0, 0.0, 0.0)","(1.0, 1.0, 1.0)"
"AP-0053","LAMP_POST_SINGLE005_MELBOURNE_0","LAMP_POST_SINGLE005_MELBOURNE_0","Light_LampPost_Single_05","light","(1.7665, 2.774, 24.1706)","294","158","['MELBOURNE']","unique","yes","keep","not_started","Light_LampPost_Single_05.glb","","(5.6552, 139.4455, -2.217)","(7.4216, 142.2196, 21.9537)","(6.5384, 140.8326, 9.8684)","1","(0.00144, -3e-05, -7e-05)","(0.0, 0.0, 0.0)","(1.0, 1.0, 1.0)"
"AP-0054","LAMP_POST_SINGLE006_MELBOURNE_0","LAMP_POST_SINGLE006_MELBOURNE_0","Light_LampPost_Single_06","light","(1.2433, 2.6074, 24.1702)","294","158","['MELBOURNE']","unique","yes","keep","not_started","Light_LampPost_Single_06.glb","","(108.9463, 135.9034, -1.8962)","(110.1896, 138.5108, 22.2741)","(109.568, 137.2071, 10.189)","1","(0.00066, -0.00017, 0.00076)","(0.0, 0.0, 0.0)","(1.0, 1.0, 1.0)"
"AP-0055","OBJECT_PIER001_MELBOURNE_0","OBJECT_PIER001_MELBOURNE_0","Prop_PIER001_0_A","trackside_prop","(5.6663, 25.2564, 4.5467)","664","516","['MELBOURNE']","unique","review","review","not_started","","","(171.5185, -60.894, -6.4044)","(177.1849, -35.6375, -1.8576)","(174.3517, -48.2657, -4.131)","1","(-0.00021, -8e-05, 0.00013)","(0.0, 0.0, 0.0)","(1.0, 1.0, 1.0)"
"AP-0056","OBJECT_PIER_MELBOURNE_0","OBJECT_PIER_MELBOURNE_0","Prop_PIER_0_A","trackside_prop","(16.8978, 22.683, 4.5407)","664","516","['MELBOURNE']","unique","review","review","not_started","","","(522.3511, -107.0757, -6.8118)","(539.2488, -84.3926, -2.2711)","(530.7999, -95.7341, -4.5415)","1","(-0.00252, -6e-05, -0.00135)","(0.0, 0.0, 0.0)","(1.0, 1.0, 1.0)"
"AP-0057","overpass_middle006_garages_MELBOURNE_0","overpass_middle006_garages_MELBOURNE_0","Pit_Overpass_A","pit","(22.1425, 50.5187, 9.4724)","14296","8192","['garages_MELBOURNE']","unique","review","review","not_started","","","(262.8078, -249.5947, -1.9343)","(284.9503, -199.076, 7.538)","(273.8791, -224.3353, 2.8018)","1","(-0.00158, 0.0, -0.00147)","(0.0, 0.0, 0.0)","(1.0, 1.0, 1.0)"
"AP-0058","overpass_middle013_garages_MELBOURNE_0","overpass_middle013_garages_MELBOURNE_0","Pit_Overpass_02","pit","(21.6731, 36.1785, 9.4488)","6079","3440","['garages_MELBOURNE']","unique","review","review","not_started","","","(22.9352, -91.9171, -1.1908)","(44.6083, -55.7386, 8.2579)","(33.7718, -73.8279, 3.5336)","1","(-3e-05, -0.0, 9e-05)","(0.0, 0.0, 0.0)","(1.0, 1.0, 1.0)"
"AP-0059","overpass_middle016_garages_MELBOURNE_0","overpass_middle016_garages_MELBOURNE_0","Pit_Overpass_03","pit","(30.6821, 29.3219, 9.4327)","6105","3440","['garages_MELBOURNE']","unique","review","review","not_started","","","(0.2304, 181.5912, -0.4424)","(30.9125, 210.9131, 8.9902)","(15.5715, 196.2521, 4.2739)","1","(-0.00024, -0.0001, 0.00086)","(0.0, 0.0, 0.0)","(1.0, 1.0, 1.0)"
"AP-0060","overpass_middle023_garages_MELBOURNE_0","overpass_middle023_garages_MELBOURNE_0","Pit_Overpass_04","pit","(36.4992, 25.0811, 9.4128)","5647","3236","['garages_MELBOURNE']","unique","review","review","not_started","","","(225.5423, 193.5448, -0.725)","(262.0415, 218.6259, 8.6878)","(243.7919, 206.0853, 3.9814)","1","(0.00011, 0.00017, 0.00059)","(0.0, 0.0, 0.0)","(1.0, 1.0, 1.0)"
"AP-0061","overpass_middle026_garages_MELBOURNE_0","overpass_middle026_garages_MELBOURNE_0","Pit_Overpass_05","pit","(23.0158, 28.195, 9.43)","5579","3112","['garages_MELBOURNE']","unique","review","review","not_started","","","(312.3015, -35.1263, -0.6232)","(335.3173, -6.9313, 8.8069)","(323.8094, -21.0288, 4.0918)","1","(-0.00055, 0.00026, 0.00055)","(0.0, 0.0, 0.0)","(1.0, 1.0, 1.0)"
"AP-0062","overpass_middle029_garages_MELBOURNE_0","overpass_middle029_garages_MELBOURNE_0","Pit_Overpass_06","pit","(27.1255, 24.3137, 9.4209)","5600","3112","['garages_MELBOURNE']","unique","review","review","not_started","","","(628.2977, -126.873, -0.8382)","(655.4232, -102.5593, 8.5827)","(641.8605, -114.7162, 3.8722)","1","(-0.00024, 0.00052, -0.00074)","(0.0, 0.0, 0.0)","(1.0, 1.0, 1.0)"
"AP-0063","overpass_middle032_garages_MELBOURNE_0","overpass_middle032_garages_MELBOURNE_0","Pit_Overpass_07","pit","(24.2918, 27.1474, 9.4276)","5620","3112","['garages_MELBOURNE']","unique","review","review","not_started","","","(623.0362, -275.65, -1.493)","(647.328, -248.5027, 7.9345)","(635.1821, -262.0764, 3.2207)","1","(0.0014, -0.00036, -0.00065)","(0.0, 0.0, 0.0)","(1.0, 1.0, 1.0)"
"AP-0064","overpass_middle036_garages_MELBOURNE_0","overpass_middle036_garages_MELBOURNE_0","Pit_Overpass_08","pit","(25.6776, 33.6918, 9.4429)","6094","3440","['garages_MELBOURNE']","unique","review","review","not_started","","","(548.9832, -274.013, -1.7113)","(574.6608, -240.3211, 7.7317)","(561.822, -257.1671, 3.0102)","1","(0.00181, 0.00055, 0.00026)","(0.0, 0.0, 0.0)","(1.0, 1.0, 1.0)"
"AP-0065","pitexit_led001_startlights_MELBOURNE_0","pitexit_led001_startlights_MELBOURNE_0","Light_StartRig_A","pit","(0.0212, 0.2103, 0.2146)","3040","1520","['startlights_MELBOURNE']","unique","review","review","not_started","","","(272.6627, -215.8151, -0.282)","(272.6839, -215.6048, -0.0675)","(272.6733, -215.71, -0.1747)","1","(-0.00041, 0.00027, -0.00043)","(0.0, 0.0, 0.0)","(1.0, 1.0, 1.0)"
"AP-0066","pitexit_light001_garages_MELBOURNE_0","pitexit_light001_garages_MELBOURNE_0","Light_PitExit_A","pit","(0.5154, 0.3752, 1.8542)","504","354","['garages_MELBOURNE']","unique","review","review","not_started","","","(272.313, -215.8908, -1.855)","(272.8284, -215.5155, -0.0008)","(272.5707, -215.7032, -0.9279)","1","(0.00053, 0.00014, -0.00164)","(0.0, 0.0, 0.0)","(1.0, 1.0, 1.0)"
"AP-0067","prop_apex_marker001_MELBOURNE_0","prop_apex_marker001_MELBOURNE_0","Sign_ApexMarker_A","sign","(0.4078, 0.409, 0.9423)","234","260","['MELBOURNE']","unique","yes","keep","not_started","Sign_ApexMarker_A.glb","","(-3.7902, 29.5436, -0.8441)","(-3.3824, 29.9526, 0.0982)","(-3.5863, 29.7481, -0.3729)","1","(-1e-05, -4e-05, -0.00013)","(0.0, 0.0, 0.0)","(1.0, 1.0, 1.0)"
"AP-0068","prop_apex_marker002_MELBOURNE_0","prop_apex_marker002_MELBOURNE_0","Sign_ApexMarker_02","sign","(0.4019, 0.4041, 0.9394)","234","260","['MELBOURNE']","probable-duplicate","yes","keep","not_started","Sign_ApexMarker_02.glb","probable-duplicate","(425.7543, -53.7244, -0.7196)","(426.1563, -53.3203, 0.2198)","(425.9553, -53.5224, -0.2499)","1","(-0.00026, 0.00022, 0.00063)","(0.0, 0.0, 0.0)","(1.0, 1.0, 1.0)"
"AP-0069","prop_apex_marker003_MELBOURNE_0","prop_apex_marker003_MELBOURNE_0","Sign_ApexMarker_03","sign","(0.4019, 0.4041, 0.9394)","234","260","['MELBOURNE']","probable-duplicate","yes","keep","not_started","Sign_ApexMarker_03.glb","probable-duplicate","(482.8331, -41.2399, -0.6463)","(483.2351, -40.8357, 0.293)","(483.0341, -41.0378, -0.1766)","1","(-1e-05, 0.00027, 0.00073)","(0.0, 0.0, 0.0)","(1.0, 1.0, 1.0)"
"AP-0070","prop_apex_marker004_MELBOURNE_0","prop_apex_marker004_MELBOURNE_0","Sign_ApexMarker_04","sign","(0.4171, 0.4108, 0.945)","234","260","['MELBOURNE']","unique","yes","keep","not_started","Sign_ApexMarker_04.glb","","(695.3562, -198.2231, -0.9878)","(695.7733, -197.8123, -0.0428)","(695.5648, -198.0177, -0.5153)","1","(0.00038, 0.00015, -0.00063)","(0.0, 0.0, 0.0)","(1.0, 1.0, 1.0)"
"AP-0071","prop_apex_marker005_MELBOURNE_0","prop_apex_marker005_MELBOURNE_0","Sign_ApexMarker_05","sign","(0.4029, 0.4232, 0.9471)","234","260","['MELBOURNE']","unique","yes","keep","not_started","Sign_ApexMarker_05.glb","","(490.6517, -286.4554, -1.7039)","(491.0546, -286.0322, -0.7567)","(490.8531, -286.2438, -1.2303)","1","(-0.0008, 0.00018, 0.0005)","(0.0, 0.0, 0.0)","(1.0, 1.0, 1.0)"
"AP-0072","prop_apex_marker006_MELBOURNE_0","prop_apex_marker006_MELBOURNE_0","Sign_ApexMarker_06","sign","(0.4065, 0.4068, 0.9414)","234","260","['MELBOURNE']","unique","yes","keep","not_started","Sign_ApexMarker_06.glb","","(485.062, -290.5112, -1.635)","(485.4685, -290.1043, -0.6936)","(485.2653, -290.3077, -1.1643)","1","(-0.00127, -0.00045, -9e-05)","(0.0, 0.0, 0.0)","(1.0, 1.0, 1.0)"
"AP-0073","prop_apex_marker007_MELBOURNE_0","prop_apex_marker007_MELBOURNE_0","Sign_ApexMarker_07","sign","(0.4031, 0.4079, 0.9412)","234","260","['MELBOURNE']","unique","yes","keep","not_started","Sign_ApexMarker_07.glb","","(477.7086, -292.4963, -1.6489)","(478.1117, -292.0884, -0.7077)","(477.9102, -292.2923, -1.1783)","1","(0.00283, 0.00011, -0.00071)","(0.0, 0.0, 0.0)","(1.0, 1.0, 1.0)"
"AP-0074","prop_banner_A004_BANNERS_MELBOURNE_0","prop_banner_A004_BANNERS_MELBOURNE_0","Sign_Banner_A_01","sign","(65.491, 17.0327, 7.2983)","3888","1944","['BANNERS_MELBOURNE']","unique","track-specific","review","not_started","","Large footprint suggests merged or track-shaped mesh; review before modular extraction.","(650.9445, -268.9686, -1.4829)","(716.4355, -251.9359, 5.8154)","(683.6899, -260.4523, 2.1663)","1","(0.00252, -7e-05, -0.00595)","(0.0, 0.0, 0.0)","(1.0, 1.0, 1.0)"
"AP-0075","prop_banner_A011_BANNERS_MELBOURNE_0","prop_banner_A011_BANNERS_MELBOURNE_0","Sign_Banner_A_02","sign","(64.5034, 108.1503, 7.8787)","7128","3564","['BANNERS_MELBOURNE']","unique","track-specific","review","not_started","","Large footprint suggests merged or track-shaped mesh; review before modular extraction.","(689.9448, -260.5865, -1.4633)","(754.4482, -152.4363, 6.4154)","(722.1965, -206.5114, 2.4761)","1","(0.00627, -0.0003, 0.00032)","(0.0, 0.0, 0.0)","(1.0, 1.0, 1.0)"
"AP-0076","prop_banner_B003_BANNERS_MELBOURNE_0","prop_banner_B003_BANNERS_MELBOURNE_0","Sign_Banner_B_01","sign","(23.5164, 34.3942, 7.339)","2592","1296","['BANNERS_MELBOURNE']","unique","track-specific","review","not_started","","Large footprint suggests merged or track-shaped mesh; review before modular extraction.","(55.5993, 261.5766, -0.5869)","(79.1157, 295.9708, 6.7521)","(67.3575, 278.7737, 3.0826)","1","(-0.00065, -0.00013, 0.00274)","(0.0, 0.0, 0.0)","(1.0, 1.0, 1.0)"
"AP-0077","prop_banner_B006_BANNERS_MELBOURNE_0","prop_banner_B006_BANNERS_MELBOURNE_0","Sign_Banner_B_02","sign","(34.0324, 39.5457, 7.3511)","3240","1620","['BANNERS_MELBOURNE']","unique","track-specific","review","not_started","","Large footprint suggests merged or track-shaped mesh; review before modular extraction.","(561.4728, -319.5244, -2.048)","(595.5052, -279.9786, 5.303)","(578.489, -299.7515, 1.6275)","1","(0.00082, 0.00021, -0.00361)","(0.0, 0.0, 0.0)","(1.0, 1.0, 1.0)"
"AP-0078","prop_banner_C005_BANNERS_MELBOURNE_0","prop_banner_C005_BANNERS_MELBOURNE_0","Sign_Banner_C_01","sign","(75.6534, 61.0986, 7.4016)","5188","2592","['BANNERS_MELBOURNE']","unique","track-specific","review","not_started","","Large footprint suggests merged or track-shaped mesh; review before modular extraction.","(-10.7915, 1.0888, -1.051)","(64.862, 62.1874, 6.3506)","(27.0353, 31.6381, 2.6498)","1","(0.0, 4e-05, -3e-05)","(0.0, 0.0, 0.0)","(1.0, 1.0, 1.0)"
"AP-0079","prop_banner_D003_BANNERS_MELBOURNE_0","prop_banner_D003_BANNERS_MELBOURNE_0","Sign_Banner_D_01","sign","(56.6927, 22.5121, 7.3111)","3888","1944","['BANNERS_MELBOURNE']","unique","track-specific","review","not_started","","Large footprint suggests merged or track-shaped mesh; review before modular extraction.","(110.7405, -202.446, -1.8181)","(167.4332, -179.9338, 5.493)","(139.0868, -191.1899, 1.8374)","1","(-0.00024, 0.00036, 0.00015)","(0.0, 0.0, 0.0)","(1.0, 1.0, 1.0)"
"AP-0080","prop_banner_high001_BANNERS_MELBOURNE_0","prop_banner_high001_BANNERS_MELBOURNE_0","Sign_Banner_High_A","sign","(10.1954, 9.5852, 14.7972)","404","244","['BANNERS_MELBOURNE']","unique","yes","keep","not_started","Sign_Banner_High_A.glb","","(473.1745, -280.1428, -2.5054)","(483.3699, -270.5576, 12.2918)","(478.2722, -275.3502, 4.8932)","1","(0.00279, 0.00029, -2e-05)","(0.0, 0.0, 0.0)","(1.0, 1.0, 1.0)"
"AP-0081","prop_banner_long_A001_BANNERS_MELBOURNE_0","prop_banner_long_A001_BANNERS_MELBOURNE_0","Sign_Banner_Long_A_01","sign","(6.0909, 10.5422, 1.6247)","24","12","['BANNERS_MELBOURNE']","probable-duplicate","yes","keep","not_started","Sign_Banner_Long_A_01.glb","probable-duplicate","(30.202, -82.2507, 5.5573)","(36.2929, -71.7085, 7.182)","(33.2475, -76.9796, 6.3696)","1","(0.00013, 3e-05, -0.00043)","(0.0, 0.0, 0.0)","(1.0, 1.0, 1.0)"
"AP-0082","prop_banner_long_A002_BANNERS_MELBOURNE_0","prop_banner_long_A002_BANNERS_MELBOURNE_0","Sign_Banner_Long_A_02","sign","(6.0909, 10.5422, 1.6247)","24","12","['BANNERS_MELBOURNE']","probable-duplicate","yes","keep","not_started","Sign_Banner_Long_A_02.glb","probable-duplicate","(28.3071, -81.1766, 5.5598)","(34.3979, -70.6344, 7.1845)","(31.3525, -75.9055, 6.3722)","1","(-0.00023, 2e-05, 0.00044)","(0.0, 0.0, 0.0)","(1.0, 1.0, 1.0)"
"AP-0083","prop_banner_long_A003_BANNERS_MELBOURNE_0","prop_banner_long_A003_BANNERS_MELBOURNE_0","Sign_Banner_Long_A_03","sign","(10.1218, 6.7864, 1.6159)","24","12","['BANNERS_MELBOURNE']","probable-duplicate","yes","keep","not_started","Sign_Banner_Long_A_03.glb","probable-duplicate","(235.0585, 198.9477, 6.0078)","(245.1804, 205.7341, 7.6237)","(240.1194, 202.3409, 6.8157)","1","(0.00073, -0.00028, 0.0009)","(0.0, 0.0, 0.0)","(1.0, 1.0, 1.0)"
"AP-0084","prop_banner_long_A004_BANNERS_MELBOURNE_0","prop_banner_long_A004_BANNERS_MELBOURNE_0","Sign_Banner_Long_A_04","sign","(10.1218, 6.7864, 1.6159)","24","12","['BANNERS_MELBOURNE']","probable-duplicate","yes","keep","not_started","Sign_Banner_Long_A_04.glb","probable-duplicate","(233.8572, 200.7649, 6.012)","(243.979, 207.5513, 7.6279)","(238.9181, 204.1581, 6.82)","1","(0.00138, 4e-05, 0.00014)","(0.0, 0.0, 0.0)","(1.0, 1.0, 1.0)"
"AP-0085","prop_banner_long_A005_BANNERS_MELBOURNE_0","prop_banner_long_A005_BANNERS_MELBOURNE_0","Sign_Banner_Long_A_05","sign","(9.1258, 8.0984, 1.619)","24","12","['BANNERS_MELBOURNE']","probable-duplicate","yes","keep","not_started","Sign_Banner_Long_A_05.glb","probable-duplicate","(637.9695, -119.6427, 5.9655)","(647.0953, -111.5443, 7.5844)","(642.5323, -115.5935, 6.775)","1","(-0.00013, 5e-05, 0.00026)","(0.0, 0.0, 0.0)","(1.0, 1.0, 1.0)"
"AP-0086","prop_banner_long_A006_BANNERS_MELBOURNE_0","prop_banner_long_A006_BANNERS_MELBOURNE_0","Sign_Banner_Long_A_06","sign","(9.1258, 8.0984, 1.619)","24","12","['BANNERS_MELBOURNE']","probable-duplicate","yes","keep","not_started","Sign_Banner_Long_A_06.glb","probable-duplicate","(636.5255, -118.0095, 5.9693)","(645.6512, -109.9112, 7.5883)","(641.0884, -113.9603, 6.7788)","1","(0.00034, 0.00017, -0.00097)","(0.0, 0.0, 0.0)","(1.0, 1.0, 1.0)"
"AP-0087","prop_banner_long_A007_BANNERS_MELBOURNE_0","prop_banner_long_A007_BANNERS_MELBOURNE_0","Sign_Banner_Long_A_07","sign","(7.3057, 9.7638, 1.6229)","24","12","['BANNERS_MELBOURNE']","probable-duplicate","yes","keep","not_started","Sign_Banner_Long_A_07.glb","probable-duplicate","(561.3871, -259.5301, 5.058)","(568.6929, -249.7663, 6.6809)","(565.04, -254.6482, 5.8694)","1","(0.00172, 0.00076, 0.00037)","(0.0, 0.0, 0.0)","(1.0, 1.0, 1.0)"
"AP-0088","prop_banner_long_A008_BANNERS_MELBOURNE_0","prop_banner_long_A008_BANNERS_MELBOURNE_0","Sign_Banner_Long_A_08","sign","(7.3057, 9.7638, 1.6229)","24","12","['BANNERS_MELBOURNE']","probable-duplicate","yes","keep","not_started","Sign_Banner_Long_A_08.glb","probable-duplicate","(559.6378, -258.2334, 5.0611)","(566.9435, -248.4696, 6.6839)","(563.2906, -253.3515, 5.8725)","1","(-0.00333, 0.00032, -0.00038)","(0.0, 0.0, 0.0)","(1.0, 1.0, 1.0)"
"AP-0089","prop_banner_long_B001_BANNERS_MELBOURNE_0","prop_banner_long_B001_BANNERS_MELBOURNE_0","Sign_Banner_Long_B_01","sign","(4.3982, 11.3108, 1.6265)","24","12","['BANNERS_MELBOURNE']","probable-duplicate","yes","keep","not_started","Sign_Banner_Long_B_01.glb","probable-duplicate","(273.1812, -231.9378, 4.8338)","(277.5794, -220.627, 6.4603)","(275.3803, -226.2824, 5.647)","1","(-0.00094, -0.00013, -0.00011)","(0.0, 0.0, 0.0)","(1.0, 1.0, 1.0)"
"AP-0090","prop_banner_long_B002_BANNERS_MELBOURNE_0","prop_banner_long_B002_BANNERS_MELBOURNE_0","Sign_Banner_Long_B_02","sign","(4.3982, 11.3108, 1.6265)","24","12","['BANNERS_MELBOURNE']","probable-duplicate","yes","keep","not_started","Sign_Banner_Long_B_02.glb","probable-duplicate","(269.2704, -230.4723, 4.8372)","(273.6685, -219.1614, 6.4637)","(271.4695, -224.8169, 5.6504)","1","(-0.00179, 0.0002, 0.00019)","(0.0, 0.0, 0.0)","(1.0, 1.0, 1.0)"
"AP-0091","prop_banner_long_B003_BANNERS_MELBOURNE_0","prop_banner_long_B003_BANNERS_MELBOURNE_0","Sign_Banner_Long_B_03","sign","(8.8361, 8.4154, 1.6197)","24","12","['BANNERS_MELBOURNE']","probable-duplicate","yes","keep","not_started","Sign_Banner_Long_B_03.glb","probable-duplicate","(10.3967, 191.243, 6.3291)","(19.2329, 199.6585, 7.9488)","(14.8148, 195.4507, 7.1389)","1","(-0.00058, 0.0001, 7e-05)","(0.0, 0.0, 0.0)","(1.0, 1.0, 1.0)"
"AP-0092","prop_banner_long_B004_BANNERS_MELBOURNE_0","prop_banner_long_B004_BANNERS_MELBOURNE_0","Sign_Banner_Long_B_04","sign","(8.8361, 8.4154, 1.6197)","24","12","['BANNERS_MELBOURNE']","probable-duplicate","yes","keep","not_started","Sign_Banner_Long_B_04.glb","probable-duplicate","(11.8961, 192.8194, 6.3328)","(20.7322, 201.2348, 7.9525)","(16.3142, 197.0271, 7.1426)","1","(0.00052, -4e-05, 0.00059)","(0.0, 0.0, 0.0)","(1.0, 1.0, 1.0)"
"AP-0093","prop_banner_long_B005_BANNERS_MELBOURNE_0","prop_banner_long_B005_BANNERS_MELBOURNE_0","Sign_Banner_Long_B_05","sign","(7.6336, 9.5141, 1.6223)","24","12","['BANNERS_MELBOURNE']","probable-duplicate","yes","keep","not_started","Sign_Banner_Long_B_05.glb","probable-duplicate","(317.5894, -27.0819, 6.1364)","(325.223, -17.5678, 7.7586)","(321.4062, -22.3249, 6.9475)","1","(-0.00053, 0.00021, 0.00041)","(0.0, 0.0, 0.0)","(1.0, 1.0, 1.0)"
"AP-0094","prop_banner_long_B006_BANNERS_MELBOURNE_0","prop_banner_long_B006_BANNERS_MELBOURNE_0","Sign_Banner_Long_B_06","sign","(7.6336, 9.5141, 1.6223)","24","12","['BANNERS_MELBOURNE']","probable-duplicate","yes","keep","not_started","Sign_Banner_Long_B_06.glb","probable-duplicate","(319.2907, -28.4374, 6.1332)","(326.9243, -18.9233, 7.7555)","(323.1075, -23.6803, 6.9443)","1","(0.00161, -3e-05, 0.0007)","(0.0, 0.0, 0.0)","(1.0, 1.0, 1.0)"
"AP-0095","prop_banner_long_B007_BANNERS_MELBOURNE_0","prop_banner_long_B007_BANNERS_MELBOURNE_0","Sign_Banner_Long_B_07","sign","(8.0946, 9.1295, 1.6214)","24","12","['BANNERS_MELBOURNE']","probable-duplicate","yes","keep","not_started","Sign_Banner_Long_B_07.glb","probable-duplicate","(630.4221, -267.4766, 5.3138)","(638.5167, -258.347, 6.9352)","(634.4694, -262.9118, 6.1245)","1","(-0.00058, 0.00017, -0.00149)","(0.0, 0.0, 0.0)","(1.0, 1.0, 1.0)"
"AP-0096","prop_banner_long_B008_BANNERS_MELBOURNE_0","prop_banner_long_B008_BANNERS_MELBOURNE_0","Sign_Banner_Long_B_08","sign","(8.0946, 9.1295, 1.6214)","24","12","['BANNERS_MELBOURNE']","probable-duplicate","yes","keep","not_started","Sign_Banner_Long_B_08.glb","probable-duplicate","(632.0519, -266.0368, 5.3172)","(640.1465, -256.9073, 6.9386)","(636.0992, -261.472, 6.1279)","1","(0.00068, -1e-05, -0.00026)","(0.0, 0.0, 0.0)","(1.0, 1.0, 1.0)"
"AP-0097","prop_cone001_garages_MELBOURNE_0","prop_cone001_garages_MELBOURNE_0","Cone_Traffic_A","trackside_prop","(0.8551, 0.8499, 1.03)","161","124","['garages_MELBOURNE']","unique","yes","keep","approved","Cone_Traffic_A.glb","Approved canonical cone. Geometry/origin/orientation approved after user-corrected review orientation was baked into mesh. Directionless upright prop: no -Y forward semantic assigned. Generated materials ConePaint_OrangeRed/ConeRubber_Dark/ConeStripe_OffWhite approved for now; no source atlas dependency. AP-0098 through AP-0101 rejected as scaled/placed duplicates.","(709.6457, -218.0778, -0.8659)","(710.5008, -217.228, 0.1641)","(710.0732, -217.6529, -0.3509)","1","(-0.0033, -3e-05, -0.00064)","(0.0, 0.0, 0.0)","(1.0, 1.0, 1.0)"
"AP-0098","prop_cone002_garages_MELBOURNE_0","prop_cone002_garages_MELBOURNE_0","Prop_Cone_02","pit","(0.8933, 0.8885, 1.0311)","161","124","['garages_MELBOURNE']","unique","duplicate","skip","duplicate_rejected","","Rejected duplicate. Shares the same normalized cone topology and material dependency as approved AP-0097 Cone_Traffic_A; differences are scale/placement only, so it is unnecessary for the reusable asset library.","(712.3853, -216.6137, -0.8109)","(713.2786, -215.7253, 0.2202)","(712.832, -216.1695, -0.2954)","1","(0.0004, -0.00025, 0.00242)","(0.0, 0.0, 0.0)","(1.0, 1.0, 1.0)"
"AP-0099","prop_cone003_garages_MELBOURNE_0","prop_cone003_garages_MELBOURNE_0","Prop_Cone_03","pit","(0.9767, 0.9847, 1.0333)","161","124","['garages_MELBOURNE']","unique","duplicate","skip","duplicate_rejected","","Rejected duplicate. Shares the same normalized cone topology and material dependency as approved AP-0097 Cone_Traffic_A; differences are scale/placement only, so it is unnecessary for the reusable asset library.","(715.2193, -215.1146, -0.7675)","(716.196, -214.1299, 0.2657)","(715.7076, -214.6223, -0.2509)","1","(0.00331, 0.00034, 0.00139)","(0.0, 0.0, 0.0)","(1.0, 1.0, 1.0)"
"AP-0100","prop_cone004_garages_MELBOURNE_0","prop_cone004_garages_MELBOURNE_0","Prop_Cone_04","pit","(0.8868, 0.886, 1.0245)","161","124","['garages_MELBOURNE']","unique","duplicate","skip","duplicate_rejected","","Rejected duplicate. Shares the same normalized cone topology and material dependency as approved AP-0097 Cone_Traffic_A; differences are scale/placement only, so it is unnecessary for the reusable asset library.","(718.0289, -213.5626, -0.7287)","(718.9158, -212.6766, 0.2958)","(718.4724, -213.1196, -0.2165)","1","(-0.00169, 0.0001, 0.0012)","(0.0, 0.0, 0.0)","(1.0, 1.0, 1.0)"
"AP-0101","prop_cone005_garages_MELBOURNE_0","prop_cone005_garages_MELBOURNE_0","Prop_Cone_05","pit","(0.9193, 0.915, 1.0224)","161","124","['garages_MELBOURNE']","unique","duplicate","skip","duplicate_rejected","","Rejected duplicate. Shares the same normalized cone topology and material dependency as approved AP-0097 Cone_Traffic_A; differences are scale/placement only, so it is unnecessary for the reusable asset library.","(720.2834, -212.2847, -0.7187)","(721.2026, -211.3698, 0.3037)","(720.743, -211.8273, -0.2075)","1","(0.00013, -0.00053, 0.00063)","(0.0, 0.0, 0.0)","(1.0, 1.0, 1.0)"
"AP-0102","prop_lamp_emissive005_garages_MELBOURNE_0","prop_lamp_emissive005_garages_MELBOURNE_0","Pit_prop_lamp_emissive005_0_A","pit","(855.6512, 639.1959, 2.5327)","164","98","['garages_MELBOURNE']","unique","review","review","not_started","","","(-99.3441, -348.7079, 8.0168)","(756.3071, 290.4879, 10.5495)","(328.4815, -29.11, 9.2831)","1","(-9e-05, -0.00131, -0.00109)","(0.0, 0.0, 0.0)","(1.0, 1.0, 1.0)"
"AP-0103","prop_lamp_post005_garages_MELBOURNE_0","prop_lamp_post005_garages_MELBOURNE_0","Light_LampPost_Single_07","pit","(858.8984, 642.3016, 13.4503)","8687","8424","['garages_MELBOURNE']","unique","review","review","not_started","","","(-101.7584, -348.8059, -2.7793)","(757.14, 293.4958, 10.671)","(327.6908, -27.655, 3.9459)","1","(0.00013, 0.00086, 0.00087)","(0.0, 0.0, 0.0)","(1.0, 1.0, 1.0)"
"AP-0104","prop_pitwall001_garages_MELBOURNE_0","prop_pitwall001_garages_MELBOURNE_0","PitWall_A","barrier","(4.272, 2.8137, 2.3418)","1813","1496","['garages_MELBOURNE']","probable-duplicate","yes","keep","not_started","PitWall_A.glb","probable-duplicate","(401.6635, -265.4733, -1.5897)","(405.9355, -262.6596, 0.7521)","(403.7995, -264.0665, -0.4188)","1","(0.00039, 0.00013, -0.00014)","(0.0, 0.0, 0.0)","(1.0, 1.0, 1.0)"
"AP-0105","prop_pitwall002_garages_MELBOURNE_0","prop_pitwall002_garages_MELBOURNE_0","PitWall_02","barrier","(4.272, 2.8137, 2.3418)","1813","1496","['garages_MELBOURNE']","probable-duplicate","yes","keep","not_started","PitWall_02.glb","probable-duplicate","(397.2003, -263.8009, -1.5858)","(401.4723, -260.9872, 0.756)","(399.3362, -262.394, -0.4149)","1","(0.00223, 3e-05, 1e-05)","(0.0, 0.0, 0.0)","(1.0, 1.0, 1.0)"
"AP-0106","prop_pitwall003_garages_MELBOURNE_0","prop_pitwall003_garages_MELBOURNE_0","PitWall_03","barrier","(4.272, 2.8137, 2.3418)","1813","1496","['garages_MELBOURNE']","probable-duplicate","yes","keep","not_started","PitWall_03.glb","probable-duplicate","(392.7372, -262.1284, -1.5818)","(397.0092, -259.3147, 0.7599)","(394.8732, -260.7216, -0.411)","1","(-0.00106, 4e-05, 0.00016)","(0.0, 0.0, 0.0)","(1.0, 1.0, 1.0)"
"AP-0107","prop_pitwall004_garages_MELBOURNE_0","prop_pitwall004_garages_MELBOURNE_0","PitWall_04","barrier","(4.272, 2.8137, 2.3418)","1813","1496","['garages_MELBOURNE']","probable-duplicate","yes","keep","not_started","PitWall_04.glb","probable-duplicate","(388.274, -260.4559, -1.5779)","(392.546, -257.6422, 0.7638)","(390.41, -259.0491, -0.4071)","1","(0.00175, 0.00019, -0.00018)","(0.0, 0.0, 0.0)","(1.0, 1.0, 1.0)"
"AP-0108","prop_pitwall005_garages_MELBOURNE_0","prop_pitwall005_garages_MELBOURNE_0","PitWall_05","barrier","(4.272, 2.8137, 2.3418)","1813","1496","['garages_MELBOURNE']","probable-duplicate","yes","keep","not_started","PitWall_05.glb","probable-duplicate","(383.8112, -258.7835, -1.574)","(388.0832, -255.9698, 0.7678)","(385.9472, -257.3766, -0.4031)","1","(0.00041, -7e-05, 0.00045)","(0.0, 0.0, 0.0)","(1.0, 1.0, 1.0)"
"AP-0109","prop_pitwall006_garages_MELBOURNE_0","prop_pitwall006_garages_MELBOURNE_0","PitWall_06","barrier","(4.272, 2.8137, 2.3418)","1813","1496","['garages_MELBOURNE']","probable-duplicate","yes","keep","not_started","PitWall_06.glb","probable-duplicate","(379.3483, -257.1111, -1.5701)","(383.6203, -254.2974, 0.7717)","(381.4843, -255.7043, -0.3992)","1","(-0.00068, -1e-05, 0.0006)","(0.0, 0.0, 0.0)","(1.0, 1.0, 1.0)"
"AP-0110","prop_pitwall007_garages_MELBOURNE_0","prop_pitwall007_garages_MELBOURNE_0","PitWall_07","barrier","(4.272, 2.8137, 2.3418)","1813","1496","['garages_MELBOURNE']","probable-duplicate","yes","keep","not_started","PitWall_07.glb","probable-duplicate","(374.8853, -255.4387, -1.5662)","(379.1573, -252.625, 0.7756)","(377.0213, -254.0318, -0.3953)","1","(-0.00031, -9e-05, -0.00022)","(0.0, 0.0, 0.0)","(1.0, 1.0, 1.0)"
"AP-0111","prop_pitwall008_garages_MELBOURNE_0","prop_pitwall008_garages_MELBOURNE_0","PitWall_08","barrier","(4.272, 2.8137, 2.3418)","1813","1496","['garages_MELBOURNE']","probable-duplicate","yes","keep","not_started","PitWall_08.glb","probable-duplicate","(370.4224, -253.7663, -1.5622)","(374.6944, -250.9526, 0.7795)","(372.5584, -252.3594, -0.3914)","1","(-0.00019, 2e-05, -7e-05)","(0.0, 0.0, 0.0)","(1.0, 1.0, 1.0)"
"AP-0112","prop_pitwall009_garages_MELBOURNE_0","prop_pitwall009_garages_MELBOURNE_0","PitWall_09","barrier","(4.272, 2.8137, 2.3418)","1813","1496","['garages_MELBOURNE']","probable-duplicate","yes","keep","not_started","PitWall_09.glb","probable-duplicate","(365.959, -252.0938, -1.5583)","(370.231, -249.2801, 0.7834)","(368.095, -250.6869, -0.3874)","1","(0.00092, 5e-05, 0.00057)","(0.0, 0.0, 0.0)","(1.0, 1.0, 1.0)"
"AP-0113","prop_pitwall010_garages_MELBOURNE_0","prop_pitwall010_garages_MELBOURNE_0","PitWall_10","barrier","(4.272, 2.8137, 2.3418)","1813","1496","['garages_MELBOURNE']","probable-duplicate","yes","keep","not_started","PitWall_10.glb","probable-duplicate","(361.4959, -250.4212, -1.5544)","(365.7679, -247.6075, 0.7874)","(363.6319, -249.0143, -0.3835)","1","(0.00324, -0.00015, -0.00124)","(0.0, 0.0, 0.0)","(1.0, 1.0, 1.0)"
"AP-0114","prop_pitwall011_garages_MELBOURNE_0","prop_pitwall011_garages_MELBOURNE_0","PitWall_11","barrier","(4.272, 2.8137, 2.3418)","1813","1496","['garages_MELBOURNE']","probable-duplicate","yes","keep","not_started","PitWall_11.glb","probable-duplicate","(357.0331, -248.749, -1.5505)","(361.3051, -245.9353, 0.7913)","(359.1691, -247.3421, -0.3796)","1","(-0.002, 6e-05, 0.00087)","(0.0, 0.0, 0.0)","(1.0, 1.0, 1.0)"
"AP-0115","prop_pitwall012_garages_MELBOURNE_0","prop_pitwall012_garages_MELBOURNE_0","PitWall_12","barrier","(4.272, 2.8137, 2.3418)","1813","1496","['garages_MELBOURNE']","probable-duplicate","yes","keep","not_started","PitWall_12.glb","probable-duplicate","(352.5701, -247.0765, -1.5466)","(356.8421, -244.2628, 0.7952)","(354.7061, -245.6696, -0.3757)","1","(-0.00017, 1e-05, 0.00053)","(0.0, 0.0, 0.0)","(1.0, 1.0, 1.0)"
"AP-0116","prop_pitwall013_garages_MELBOURNE_0","prop_pitwall013_garages_MELBOURNE_0","PitWall_13","barrier","(4.272, 2.8137, 2.3418)","1813","1496","['garages_MELBOURNE']","probable-duplicate","yes","keep","not_started","PitWall_13.glb","probable-duplicate","(348.107, -245.404, -1.5427)","(352.379, -242.5903, 0.7991)","(350.243, -243.9972, -0.3718)","1","(0.00167, 0.00037, 0.00019)","(0.0, 0.0, 0.0)","(1.0, 1.0, 1.0)"
"AP-0117","prop_pitwall014_garages_MELBOURNE_0","prop_pitwall014_garages_MELBOURNE_0","PitWall_14","barrier","(4.272, 2.8137, 2.3418)","1813","1496","['garages_MELBOURNE']","probable-duplicate","yes","keep","not_started","PitWall_14.glb","probable-duplicate","(343.6439, -243.7314, -1.5387)","(347.9159, -240.9177, 0.8031)","(345.7798, -242.3246, -0.3678)","1","(0.00326, -0.00022, -0.00064)","(0.0, 0.0, 0.0)","(1.0, 1.0, 1.0)"
"AP-0118","prop_pitwall015_garages_MELBOURNE_0","prop_pitwall015_garages_MELBOURNE_0","PitWall_15","barrier","(4.272, 2.8137, 2.3418)","1813","1496","['garages_MELBOURNE']","probable-duplicate","yes","keep","not_started","PitWall_15.glb","probable-duplicate","(339.181, -242.0591, -1.5348)","(343.453, -239.2454, 0.807)","(341.317, -240.6523, -0.3639)","1","(-3e-05, 4e-05, -0.0)","(0.0, 0.0, 0.0)","(1.0, 1.0, 1.0)"
"AP-0119","prop_pitwall016_garages_MELBOURNE_0","prop_pitwall016_garages_MELBOURNE_0","PitWall_16","barrier","(4.272, 2.8137, 2.3418)","1813","1496","['garages_MELBOURNE']","probable-duplicate","yes","keep","not_started","PitWall_16.glb","probable-duplicate","(334.7178, -240.3866, -1.5309)","(338.9898, -237.5729, 0.8109)","(336.8538, -238.9798, -0.36)","1","(0.00351, 0.00031, -0.00034)","(0.0, 0.0, 0.0)","(1.0, 1.0, 1.0)"
"AP-0120","prop_pitwall017_garages_MELBOURNE_0","prop_pitwall017_garages_MELBOURNE_0","PitWall_17","barrier","(4.272, 2.8137, 2.3418)","1813","1496","['garages_MELBOURNE']","probable-duplicate","yes","keep","not_started","PitWall_17.glb","probable-duplicate","(330.2549, -238.7143, -1.527)","(334.5269, -235.9006, 0.8148)","(332.3909, -237.3075, -0.3561)","1","(-2e-05, -4e-05, 0.00078)","(0.0, 0.0, 0.0)","(1.0, 1.0, 1.0)"
"AP-0121","prop_pitwall018_garages_MELBOURNE_0","prop_pitwall018_garages_MELBOURNE_0","PitWall_18","barrier","(4.272, 2.8137, 2.3418)","1813","1496","['garages_MELBOURNE']","probable-duplicate","yes","keep","not_started","PitWall_18.glb","probable-duplicate","(325.7919, -237.0417, -1.5944)","(330.0639, -234.228, 0.7473)","(327.9279, -235.6348, -0.4236)","1","(-0.00098, 7e-05, 0.00076)","(0.0, 0.0, 0.0)","(1.0, 1.0, 1.0)"
"AP-0122","prop_pitwall019_garages_MELBOURNE_0","prop_pitwall019_garages_MELBOURNE_0","PitWall_19","barrier","(4.272, 2.8137, 2.3418)","1813","1496","['garages_MELBOURNE']","probable-duplicate","yes","keep","not_started","PitWall_19.glb","probable-duplicate","(321.3287, -235.3691, -1.5905)","(325.6007, -232.5554, 0.7512)","(323.4647, -233.9623, -0.4196)","1","(0.0028, 0.00018, -7e-05)","(0.0, 0.0, 0.0)","(1.0, 1.0, 1.0)"
"AP-0123","prop_pitwall020_garages_MELBOURNE_0","prop_pitwall020_garages_MELBOURNE_0","PitWall_20","barrier","(4.272, 2.8137, 2.3418)","1813","1496","['garages_MELBOURNE']","probable-duplicate","yes","keep","not_started","PitWall_20.glb","probable-duplicate","(316.8659, -233.6967, -1.5866)","(321.1379, -230.883, 0.7552)","(319.0019, -232.2899, -0.4157)","1","(-0.00171, -1e-05, -0.00139)","(0.0, 0.0, 0.0)","(1.0, 1.0, 1.0)"
"AP-0124","prop_plastic_barrier005_garages_MELBOURNE_0","prop_plastic_barrier005_garages_MELBOURNE_0","Barrier_Plastic_A","barrier","(2.3906, 16.2143, 0.7987)","1901","1134","['garages_MELBOURNE']","unique","yes","keep","not_started","Barrier_Plastic_A.glb","","(167.5721, -127.6073, -1.1638)","(169.9627, -111.393, -0.3651)","(168.7674, -119.5001, -0.7645)","1","(-0.00036, -0.0001, -0.00077)","(0.0, 0.0, 0.0)","(1.0, 1.0, 1.0)"
"AP-0125","prop_tech_tent001_garages_MELBOURNE_0","prop_tech_tent001_garages_MELBOURNE_0","Pit_TechTent_A","pit","(6.5893, 6.1728, 4.4951)","439","392","['garages_MELBOURNE']","unique","review","review","not_started","","","(286.1365, -196.4038, -1.9061)","(292.7258, -190.231, 2.589)","(289.4312, -193.3174, 0.3415)","1","(0.00046, -9e-05, 0.00089)","(0.0, 0.0, 0.0)","(1.0, 1.0, 1.0)"
"AP-0126","prop_tech_tent002_garages_MELBOURNE_0","prop_tech_tent002_garages_MELBOURNE_0","Pit_TechTent_02","pit","(6.5882, 6.1717, 4.4942)","439","392","['garages_MELBOURNE']","probable-duplicate","review","review","not_started","","probable-duplicate","(280.2683, -251.6718, -1.9383)","(286.8565, -245.5001, 2.5559)","(283.5624, -248.586, 0.3088)","1","(0.00239, -0.00015, -0.00117)","(0.0, 0.0, 0.0)","(1.0, 1.0, 1.0)"
"AP-0127","prop_tech_tent003_garages_MELBOURNE_0","prop_tech_tent003_garages_MELBOURNE_0","Pit_TechTent_03","pit","(6.5882, 6.1717, 4.4942)","439","392","['garages_MELBOURNE']","probable-duplicate","review","review","not_started","","probable-duplicate","(272.2318, -248.6624, -1.9886)","(278.82, -242.4908, 2.5056)","(275.5259, -245.5766, 0.2585)","1","(0.00048, 0.00031, -0.00084)","(0.0, 0.0, 0.0)","(1.0, 1.0, 1.0)"
"AP-0128","prop_tech_tent006_garages_MELBOURNE_0","prop_tech_tent006_garages_MELBOURNE_0","Pit_TechTent_04","pit","(39.25, 39.8122, 5.1227)","2925","2352","['garages_MELBOURNE']","unique","review","review","not_started","","","(-43.789, 21.7952, -1.2322)","(-4.539, 61.6074, 3.8905)","(-24.164, 41.7013, 1.3291)","1","(-1e-05, -2e-05, -0.00024)","(0.0, 0.0, 0.0)","(1.0, 1.0, 1.0)"
"AP-0129","prop_tech_tent011_garages_MELBOURNE_0","prop_tech_tent011_garages_MELBOURNE_0","Pit_TechTent_05","pit","(37.4725, 31.9214, 4.9432)","2273","1960","['garages_MELBOURNE']","unique","review","review","not_started","","","(-87.788, -41.8571, -1.1812)","(-50.3156, -9.9357, 3.762)","(-69.0518, -25.8964, 1.2904)","1","(-0.00021, 2e-05, -6e-05)","(0.0, 0.0, 0.0)","(1.0, 1.0, 1.0)"
"AP-0130","prop_tent001_garages_MELBOURNE_0","prop_tent001_garages_MELBOURNE_0","Pit_Tent_A","pit","(6.2095, 7.9691, 3.3129)","628","608","['garages_MELBOURNE']","probable-duplicate","review","review","not_started","","probable-duplicate","(450.3326, -269.9012, -1.6156)","(456.5421, -261.9321, 1.6973)","(453.4374, -265.9166, 0.0408)","1","(-0.00124, 0.00017, -0.00034)","(0.0, 0.0, 0.0)","(1.0, 1.0, 1.0)"
"AP-0131","prop_tent002_garages_MELBOURNE_0","prop_tent002_garages_MELBOURNE_0","Pit_Tent_02","pit","(6.2095, 7.9691, 3.3129)","628","608","['garages_MELBOURNE']","probable-duplicate","review","review","not_started","","probable-duplicate","(453.3931, -261.8326, -1.5965)","(459.6026, -253.8635, 1.7165)","(456.4979, -257.848, 0.06)","1","(-0.00127, 0.00015, -0.00207)","(0.0, 0.0, 0.0)","(1.0, 1.0, 1.0)"
"AP-0132","prop_tyre_stack_A001_tyres_MELBOURNE_0","prop_tyre_stack_A001_tyres_MELBOURNE_0","Barrier_TyreStack_A","tyre_wall","(1.1793, 1.1742, 1.244)","624","768","['tyres_MELBOURNE']","unique","yes","keep","approved","Barrier_TyreStack_A.glb","Approved canonical GLB. Geometry/origin/transforms approved. Source material intentionally replaced with generated TyrePaint_Red/TyrePaint_OffWhite vertical order Red/OffWhite/Red/OffWhite; no source texture dependency.","(466.7267, -290.4484, -1.6783)","(467.906, -289.2742, -0.4342)","(467.3163, -289.8613, -1.0563)","1","(-0.00146, 0.0002, -0.00083)","(0.0, 0.0, 0.0)","(1.0, 1.0, 1.0)"
"AP-0133","prop_tyre_stack_A002_tyres_MELBOURNE_0","prop_tyre_stack_A002_tyres_MELBOURNE_0","Barrier_TyreStack_02","tyre_wall","(1.106, 1.1067, 1.2419)","624","768","['tyres_MELBOURNE']","unique","duplicate","skip","duplicate_rejected","","Rejected duplicate. Functionally indistinguishable from approved AP-0132 Barrier_TyreStack_A, so it is unnecessary for the final reusable asset library. Do not extract another tyre-stack variant unless geometry or function is meaningfully different.","(466.5649, -291.1456, -1.6791)","(467.6709, -290.0388, -0.4371)","(467.1179, -290.5922, -1.0581)","1","(0.00135, -7e-05, 0.00094)","(0.0, 0.0, 0.0)","(1.0, 1.0, 1.0)"
"AP-0134","prop_tyre_stack_A003_tyres_MELBOURNE_0","prop_tyre_stack_A003_tyres_MELBOURNE_0","Barrier_TyreStack_03","tyre_wall","(1.2113, 1.2171, 1.2439)","624","768","['tyres_MELBOURNE']","unique","yes","keep","not_started","Barrier_TyreStack_03.glb","","(467.3583, -291.0085, -1.6821)","(468.5697, -289.7914, -0.4382)","(467.964, -290.4, -1.0602)","1","(0.0006, 0.00046, -0.00114)","(0.0, 0.0, 0.0)","(1.0, 1.0, 1.0)"
"AP-0135","SEATS_00_MELBOURNE_0","SEATS_00_MELBOURNE_0","Building_GrandstandSeats_A","building","(28.2783, 23.4767, 13.062)","43303","23940","['MELBOURNE']","unique","review","review","not_started","","","(282.9686, -271.1889, -1.915)","(311.2469, -247.7122, 11.147)","(297.1077, -259.4506, 4.616)","1","(0.00013, 0.00018, 0.00048)","(0.0, 0.0, 0.0)","(1.0, 1.0, 1.0)"
"AP-0136","SEATS_01_MELBOURNE_0","SEATS_01_MELBOURNE_0","Building_GrandstandSeats_02","building","(28.2783, 23.4767, 13.062)","43311","23940","['MELBOURNE']","unique","review","review","not_started","","","(306.2332, -279.907, -1.9355)","(334.5115, -256.4303, 11.1266)","(320.3724, -268.1686, 4.5956)","1","(-0.00019, 0.00041, -0.00031)","(0.0, 0.0, 0.0)","(1.0, 1.0, 1.0)"
"AP-0137","SEATS_02_MELBOURNE_0","SEATS_02_MELBOURNE_0","Building_GrandstandSeats_03","building","(28.2783, 23.4767, 13.062)","43299","23940","['MELBOURNE']","unique","review","review","not_started","","","(329.4983, -288.6249, -1.9559)","(357.7766, -265.1482, 11.1061)","(343.6374, -276.8866, 4.5751)","1","(-0.00026, 0.00031, -0.00012)","(0.0, 0.0, 0.0)","(1.0, 1.0, 1.0)"
"AP-0138","SEATS_03_MELBOURNE_0","SEATS_03_MELBOURNE_0","Building_GrandstandSeats_04","building","(28.2783, 23.4767, 13.062)","43315","23940","['MELBOURNE']","unique","review","review","not_started","","","(352.7629, -297.3429, -1.9763)","(381.0412, -273.8661, 11.0857)","(366.9021, -285.6045, 4.5547)","1","(0.00284, 0.00051, 0.00154)","(0.0, 0.0, 0.0)","(1.0, 1.0, 1.0)"
"AP-0139","SEATS_04_MELBOURNE_0","SEATS_04_MELBOURNE_0","Building_GrandstandSeats_05","building","(28.0691, 23.3914, 10.101)","39401","21846","['MELBOURNE']","unique","review","review","not_started","","","(395.1351, -312.9528, -2.1571)","(423.2043, -289.5614, 7.944)","(409.1697, -301.2571, 2.8934)","1","(-0.00033, 0.00021, 7e-05)","(0.0, 0.0, 0.0)","(1.0, 1.0, 1.0)"
"AP-0140","SEATS_05_MELBOURNE_0","SEATS_05_MELBOURNE_0","Building_GrandstandSeats_06","building","(28.0691, 23.3914, 10.101)","39409","21846","['MELBOURNE']","unique","review","review","not_started","","","(417.8419, -321.4618, -2.177)","(445.911, -298.0704, 7.924)","(431.8765, -309.7661, 2.8735)","1","(0.0008, 1e-05, -0.00214)","(0.0, 0.0, 0.0)","(1.0, 1.0, 1.0)"
"AP-0141","SEATS_06_MELBOURNE_0","SEATS_06_MELBOURNE_0","Building_GrandstandSeats_07","building","(28.0691, 23.3914, 10.101)","39422","21846","['MELBOURNE']","unique","review","review","not_started","","","(440.9766, -330.131, -2.1973)","(469.0457, -306.7396, 7.9037)","(455.0112, -318.4353, 2.8532)","1","(-0.0005, -4e-05, -0.00145)","(0.0, 0.0, 0.0)","(1.0, 1.0, 1.0)"
"AP-0142","SEATS_07_MELBOURNE_0","SEATS_07_MELBOURNE_0","Building_GrandstandSeats_08","building","(26.8718, 20.787, 10.095)","39424","21846","['MELBOURNE']","unique","review","review","not_started","","","(470.3519, -330.802, -2.1989)","(497.2237, -310.015, 7.896)","(483.7878, -320.4085, 2.8485)","1","(-0.00246, 9e-05, -0.0037)","(0.0, 0.0, 0.0)","(1.0, 1.0, 1.0)"
"AP-0143","SEATS_08_MELBOURNE_0","SEATS_08_MELBOURNE_0","Building_GrandstandSeats_09","building","(28.3963, 28.1141, 10.1121)","39440","21846","['MELBOURNE']","unique","review","review","not_started","","","(495.0888, -321.3455, -2.1767)","(523.4851, -293.2314, 7.9354)","(509.2869, -307.2885, 2.8793)","1","(-0.00029, -0.00035, -0.00181)","(0.0, 0.0, 0.0)","(1.0, 1.0, 1.0)"
"AP-0144","SEATS_09_MELBOURNE_0","SEATS_09_MELBOURNE_0","Building_GrandstandSeats_10","building","(24.749, 28.5548, 10.1131)","39433","21846","['MELBOURNE']","unique","review","review","not_started","","","(513.2861, -298.5661, -2.1233)","(538.035, -270.0112, 7.9898)","(525.6605, -284.2886, 2.9332)","1","(-0.00205, 6e-05, 0.0015)","(0.0, 0.0, 0.0)","(1.0, 1.0, 1.0)"
"AP-0145","SEATS_10_MELBOURNE_0","SEATS_10_MELBOURNE_0","Building_GrandstandSeats_11","building","(28.7815, 27.135, 10.1099)","39450","21846","['MELBOURNE']","unique","review","review","not_started","","","(531.7324, -231.6422, -1.9664)","(560.5139, -204.5072, 8.1435)","(546.1232, -218.0747, 3.0886)","1","(0.00277, -0.00046, -0.00176)","(0.0, 0.0, 0.0)","(1.0, 1.0, 1.0)"
"AP-0146","SEATS_11_MELBOURNE_0","SEATS_11_MELBOURNE_0","Building_GrandstandSeats_12","building","(22.2878, 22.3224, 10.0986)","26328","14564","['MELBOURNE']","unique","review","review","not_started","","","(551.4711, -241.4583, -1.9894)","(573.7589, -219.1359, 8.1092)","(562.615, -230.2971, 3.0599)","1","(0.0043, -0.00014, -0.00165)","(0.0, 0.0, 0.0)","(1.0, 1.0, 1.0)"
"AP-0147","SEATS_12_MELBOURNE_0","SEATS_12_MELBOURNE_0","Building_GrandstandSeats_13","building","(17.7801, 25.1846, 10.1052)","39432","21846","['MELBOURNE']","unique","review","review","not_started","","","(473.8741, -259.3417, -2.0313)","(491.6542, -234.1571, 8.0739)","(482.7642, -246.7494, 3.0213)","1","(0.00025, -0.00017, -2e-05)","(0.0, 0.0, 0.0)","(1.0, 1.0, 1.0)"
"AP-0148","SEATS_13_MELBOURNE_0","SEATS_13_MELBOURNE_0","Building_GrandstandSeats_14","building","(17.7801, 25.1846, 10.1052)","39421","21846","['MELBOURNE']","unique","review","review","not_started","","","(471.9595, -234.7819, -1.9738)","(489.7396, -209.5973, 8.1315)","(480.8495, -222.1896, 3.0789)","1","(8e-05, -0.00036, 0.00101)","(0.0, 0.0, 0.0)","(1.0, 1.0, 1.0)"
"AP-0149","SEATS_14_MELBOURNE_0","SEATS_14_MELBOURNE_0","Building_GrandstandSeats_15","building","(28.8149, 26.7774, 10.109)","39478","21846","['MELBOURNE']","unique","review","review","not_started","","","(203.7271, 242.207, -0.3729)","(232.542, 268.9844, 9.7362)","(218.1346, 255.5957, 4.6816)","1","(0.0016, 0.00022, -0.00132)","(0.0, 0.0, 0.0)","(1.0, 1.0, 1.0)"
"AP-0150","SEATS_15_MELBOURNE_0","SEATS_15_MELBOURNE_0","Building_GrandstandSeats_16","building","(27.8242, 22.7886, 10.0997)","39478","21846","['MELBOURNE']","unique","review","review","not_started","","","(178.4933, 256.8562, -0.3385)","(206.3175, 279.6448, 9.7611)","(192.4054, 268.2505, 4.7113)","1","(0.00139, 0.00025, 0.00141)","(0.0, 0.0, 0.0)","(1.0, 1.0, 1.0)"
"AP-0151","SEATS_16_MELBOURNE_0","SEATS_16_MELBOURNE_0","Building_GrandstandSeats_17","building","(40.9048, 34.1781, 11.6112)","17138","8660","['MELBOURNE']","unique","review","review","not_started","","","(35.165, 157.9086, -3.2336)","(76.0698, 192.0867, 8.3776)","(55.6174, 174.9977, 2.572)","1","(-0.00032, 7e-05, 0.00031)","(0.0, 0.0, 0.0)","(1.0, 1.0, 1.0)"
"AP-0152","SEATS_17_MELBOURNE_0","SEATS_17_MELBOURNE_0","Building_GrandstandSeats_18","building","(25.7186, 28.7684, 10.1137)","39478","21846","['MELBOURNE']","unique","review","review","not_started","","","(-56.1235, 134.6599, -0.2934)","(-30.4049, 163.4283, 9.8203)","(-43.2642, 149.0441, 4.7634)","1","(-0.00053, 2e-05, -0.00094)","(0.0, 0.0, 0.0)","(1.0, 1.0, 1.0)"
"AP-0153","SEATS_18_MELBOURNE_0","SEATS_18_MELBOURNE_0","Building_GrandstandSeats_19","building","(27.6889, 22.4767, 10.0989)","39478","21846","['MELBOURNE']","unique","review","review","not_started","","","(121.4216, -106.2917, -1.0222)","(149.1105, -83.815, 9.0767)","(135.2661, -95.0534, 4.0272)","1","(0.0001, -8e-05, -0.00097)","(0.0, 0.0, 0.0)","(1.0, 1.0, 1.0)"
"AP-0154","SEATS_19_MELBOURNE_0","SEATS_19_MELBOURNE_0","Building_GrandstandSeats_20","building","(26.5462, 28.8419, 10.1139)","39478","21846","['MELBOURNE']","unique","review","review","not_started","","","(183.01, -166.2878, -2.4436)","(209.5562, -137.4459, 7.6703)","(196.2831, -151.8669, 2.6134)","1","(-0.00025, -0.00041, -0.00093)","(0.0, 0.0, 0.0)","(1.0, 1.0, 1.0)"
"AP-0155","SEATS_20_MELBOURNE_0","SEATS_20_MELBOURNE_0","Building_GrandstandSeats_21","building","(22.3632, 22.5117, 10.099)","26340","14564","['MELBOURNE']","unique","review","review","not_started","","","(196.6319, -180.5718, -2.4771)","(218.9951, -158.0601, 7.622)","(207.8135, -169.3159, 2.5724)","1","(-0.00014, 5e-05, 0.0006)","(0.0, 0.0, 0.0)","(1.0, 1.0, 1.0)"
"AP-0156","SEATS_21_MELBOURNE_0","SEATS_21_MELBOURNE_0","Building_GrandstandSeats_22","building","(23.4463, 28.3087, 13.0734)","43313","23940","['MELBOURNE']","unique","review","review","not_started","","","(117.5405, -161.9076, -1.9306)","(140.9867, -133.5989, 11.1428)","(129.2636, -147.7533, 4.6061)","1","(-0.0001, 0.00025, -0.00052)","(0.0, 0.0, 0.0)","(1.0, 1.0, 1.0)"
"AP-0157","startlights003_garages_MELBOURNE_0","startlights003_garages_MELBOURNE_0","Light_StartRig_02","pit","(1.5933, 2.579, 1.4828)","890","646","['garages_MELBOURNE']","unique","review","review","not_started","","","(274.4968, -227.5455, 3.5318)","(276.0901, -224.9665, 5.0147)","(275.2935, -226.256, 4.2733)","1","(-5e-05, 0.00224, -0.00018)","(0.0, 0.0, 0.0)","(1.0, 1.0, 1.0)"
"AP-0158","startlights_leds_a003_startlights_MELBOURNE_0","startlights_leds_a003_startlights_MELBOURNE_0","Light_Start_LED_A","light","(0.2262, 0.5416, 0.5312)","3040","1520","['startlights_MELBOURNE']","probable-duplicate","yes","keep","not_started","Light_Start_LED_A.glb","probable-duplicate","(275.4683, -225.8051, 3.7129)","(275.6945, -225.2635, 4.2441)","(275.5814, -225.5343, 3.9785)","1","(0.00018, 0.00166, 0.00051)","(0.0, 0.0, 0.0)","(1.0, 1.0, 1.0)"
"AP-0159","startlights_leds_b003_startlights_MELBOURNE_0","startlights_leds_b003_startlights_MELBOURNE_0","Light_Start_LED_02","light","(0.2262, 0.5416, 0.5312)","3040","1520","['startlights_MELBOURNE']","probable-duplicate","yes","keep","not_started","Light_Start_LED_02.glb","probable-duplicate","(275.1917, -226.5435, 3.7111)","(275.4179, -226.0018, 4.2423)","(275.3048, -226.2726, 3.9767)","1","(0.00015, -0.00028, -0.0002)","(0.0, 0.0, 0.0)","(1.0, 1.0, 1.0)"
"AP-0160","startlights_leds_c003_startlights_MELBOURNE_0","startlights_leds_c003_startlights_MELBOURNE_0","Light_Start_LED_03","light","(0.2262, 0.5416, 0.5312)","3040","1520","['startlights_MELBOURNE']","probable-duplicate","yes","keep","not_started","Light_Start_LED_03.glb","probable-duplicate","(274.915, -227.282, 3.7094)","(275.1412, -226.7403, 4.2406)","(275.0281, -227.0111, 3.975)","1","(0.00014, -0.00051, 0.00055)","(0.0, 0.0, 0.0)","(1.0, 1.0, 1.0)"
"AP-0161","TERRAIN_ASTROTURF_road_MELBOURNE_0","TERRAIN_ASTROTURF_road_MELBOURNE_0","Surface_Road_Source_A","road_surface","(685.6129, 364.698, 1.3213)","279","234","['road_MELBOURNE']","unique","track-specific","review","not_started","","Road surfaces need separate spline/profile workflow; do not ordinary-prop extract.","(-79.9098, -343.1619, -1.9287)","(605.7031, 21.5362, -0.6074)","(262.8967, -160.8129, -1.268)","1","(0.00021, 7e-05, 0.00015)","(0.0, 0.0, 0.0)","(1.0, 1.0, 1.0)"
"AP-0162","TERRAIN_BOTTOM_MELBOURNE_0","TERRAIN_BOTTOM_MELBOURNE_0","Terrain_Source_A","terrain","(1779.813, 1445.7046, 28.3649)","532","228","['MELBOURNE']","unique","track-specific","review","not_started","","Likely belongs with spline/terrain workflow.","(-457.0684, -684.644, -26.799)","(1322.7446, 761.0605, 1.5659)","(432.8381, 38.2082, -12.6165)","1","(-0.00046, 2e-05, -0.00046)","(0.0, 0.0, 0.0)","(1.0, 1.0, 1.0)"
"AP-0163","TERRAIN_CURBS_road_MELBOURNE_0","TERRAIN_CURBS_road_MELBOURNE_0","VIS_Curb_Source_A","road_surface","(905.9413, 669.3957, 2.8274)","1368","1562","['road_MELBOURNE']","unique","track-specific","review","not_started","","Road surfaces need separate spline/profile workflow; do not ordinary-prop extract.","(-116.7898, -374.5505, -2.2424)","(789.1514, 294.8452, 0.585)","(336.1808, -39.8527, -0.8287)","1","(0.00021, 7e-05, 0.00015)","(0.0, 0.0, 0.0)","(1.0, 1.0, 1.0)"
"AP-0164","TERRAIN_FIELD_LINES001_LINE_WHITE_MELBOURNE_0","TERRAIN_FIELD_LINES001_LINE_WHITE_MELBOURNE_0","Terrain_Source_02","terrain","(34.2379, 31.7199, 0.0744)","156","162","['LINE_WHITE_MELBOURNE']","unique","track-specific","review","not_started","","Likely belongs with spline/terrain workflow.","(-73.1625, 73.4468, -0.2109)","(-38.9246, 105.1667, -0.1366)","(-56.0435, 89.3067, -0.1737)","1","(-0.00107, -0.00023, -6e-05)","(0.0, 0.0, 0.0)","(1.0, 1.0, 1.0)"
"AP-0165","TERRAIN_FIELD_LINES_LINE_WHITE_MELBOURNE_0","TERRAIN_FIELD_LINES_LINE_WHITE_MELBOURNE_0","Terrain_Source_03","terrain","(54.8125, 40.2564, 0.0944)","156","162","['LINE_WHITE_MELBOURNE']","unique","track-specific","review","not_started","","Likely belongs with spline/terrain workflow.","(30.4607, 113.8619, -0.1057)","(85.2732, 154.1183, -0.0114)","(57.867, 133.9901, -0.0585)","1","(0.00015, 4e-05, 0.00071)","(0.0, 0.0, 0.0)","(1.0, 1.0, 1.0)"
"AP-0166","TERRAIN_FOOTBALL_FIELDS_MELBOURNE_0","TERRAIN_FOOTBALL_FIELDS_MELBOURNE_0","Terrain_Source_04","terrain","(103.5215, 64.5811, 0.1514)","792","638","['MELBOURNE']","unique","track-specific","review","not_started","","Likely belongs with spline/terrain workflow.","(6.1074, 101.7012, -0.179)","(109.6289, 166.2822, -0.0277)","(57.8682, 133.9917, -0.1033)","1","(3e-05, 0.0001, 0.00071)","(0.0, 0.0, 0.0)","(1.0, 1.0, 1.0)"
"AP-0167","TERRAIN_GRASS_2_GRASS_2_MELBOURNE_0","TERRAIN_GRASS_2_GRASS_2_MELBOURNE_0","Terrain_Source_05","terrain","(178.5888, 151.732, 0.3662)","50","64","['GRASS_2_MELBOURNE']","unique","track-specific","review","not_started","","Likely belongs with spline/terrain workflow.","(-77.6639, 35.3735, -0.3344)","(100.9248, 187.1055, 0.0318)","(11.6304, 111.2395, -0.1513)","1","(-0.00017, 0.00017, -9e-05)","(0.0, 0.0, 0.0)","(1.0, 1.0, 1.0)"
"AP-0168","TERRAIN_GRASS_GRASS_MELBOURNE_0","TERRAIN_GRASS_GRASS_MELBOURNE_0","Terrain_Source_06","terrain","(1779.813, 1445.6708, 13.9684)","10209","15130","['GRASS_MELBOURNE']","unique","track-specific","review","not_started","","Likely belongs with spline/terrain workflow.","(-457.0684, -684.6599, -5.6444)","(1322.7446, 761.0109, 8.324)","(432.8381, 38.1755, 1.3398)","1","(0.00021, 7e-05, 0.00015)","(0.0, 0.0, 0.0)","(1.0, 1.0, 1.0)"
"AP-0169","TERRAIN_GRAVEL_TRAP_GRAVEL_TRAP_MELBOURNE_0","TERRAIN_GRAVEL_TRAP_GRAVEL_TRAP_MELBOURNE_0","Surface_Verge_Source_A","verge_runoff","(968.2724, 704.9811, 2.5162)","708","735","['GRAVEL_TRAP_MELBOURNE']","unique","track-specific","review","not_started","","Likely belongs with spline/terrain workflow.","(-141.6596, -386.3734, -2.0018)","(826.6129, 318.6076, 0.5144)","(342.4767, -33.8829, -0.7437)","1","(0.00021, 7e-05, 0.00015)","(0.0, 0.0, 0.0)","(1.0, 1.0, 1.0)"
"AP-0170","TERRAIN_LAKE_BOTTOM_MELBOURNE_LAKE_0","TERRAIN_LAKE_BOTTOM_MELBOURNE_LAKE_0","Terrain_Source_07","terrain","(684.588, 495.686, 4.3696)","561","951","['MELBOURNE_LAKE']","unique","track-specific","review","not_started","","Likely belongs with spline/terrain workflow.","(16.7981, -249.7759, -7.7968)","(701.386, 245.9101, -3.4271)","(359.0921, -1.9329, -5.612)","1","(0.00021, 7e-05, 0.00015)","(0.0, 0.0, 0.0)","(1.0, 1.0, 1.0)"
"AP-0171","TERRAIN_PARKING_LINES_LINE_WHITE_MELBOURNE_0","TERRAIN_PARKING_LINES_LINE_WHITE_MELBOURNE_0","Terrain_Source_08","terrain","(328.385, 304.586, 1.3091)","1549","812","['LINE_WHITE_MELBOURNE']","unique","track-specific","review","not_started","","Likely belongs with spline/terrain workflow.","(-97.8226, -203.4604, -1.556)","(230.5624, 101.1256, -0.2469)","(66.3699, -51.1674, -0.9015)","1","(4e-05, 4e-05, -0.00027)","(0.0, 0.0, 0.0)","(1.0, 1.0, 1.0)"
"AP-0172","TERRAIN_PITLANE_road_MELBOURNE_0","TERRAIN_PITLANE_road_MELBOURNE_0","Surface_Road_Source_02","road_surface","(301.368, 161.8923, 1.2095)","400","192","['road_MELBOURNE']","unique","track-specific","review","not_started","","Road surfaces need separate spline/profile workflow; do not ordinary-prop extract.","(207.4822, -298.09, -2.2462)","(508.8502, -136.1977, -1.0367)","(358.1662, -217.1439, -1.6415)","1","(0.00021, 7e-05, 0.00015)","(0.0, 0.0, 0.0)","(1.0, 1.0, 1.0)"
"AP-0173","TERRAIN_ROAD_road_MELBOURNE_0","TERRAIN_ROAD_road_MELBOURNE_0","VIS_Road_Source_A","road_surface","(913.6068, 689.1975, 3.0354)","6887","10080","['road_MELBOURNE']","unique","track-specific","review","not_started","","Road surfaces need separate spline/profile workflow; do not ordinary-prop extract.","(-116.6665, -373.6356, -2.4259)","(796.9402, 315.5619, 0.6095)","(340.1369, -29.0369, -0.9082)","1","(0.00021, 7e-05, 0.00015)","(0.0, 0.0, 0.0)","(1.0, 1.0, 1.0)"
"AP-0174","TERRAIN_SAND_Sand_MELBOURNE_0","TERRAIN_SAND_Sand_MELBOURNE_0","Surface_Verge_Source_02","verge_runoff","(915.9693, 682.799, 5.6871)","1035","1055","['Sand_MELBOURNE']","unique","track-specific","review","not_started","","Likely belongs with spline/terrain workflow.","(-118.3373, -376.8655, -5.0981)","(797.632, 305.9335, 0.589)","(339.6474, -35.466, -2.2546)","1","(0.00021, 7e-05, 0.00015)","(0.0, 0.0, 0.0)","(1.0, 1.0, 1.0)"
"AP-0175","TERRAIN_START_GRID_LINE_WHITE_MELBOURNE_0","TERRAIN_START_GRID_LINE_WHITE_MELBOURNE_0","Terrain_Source_09","terrain","(146.8072, 63.5829, 1.6944)","240","120","['LINE_WHITE_MELBOURNE']","unique","track-specific","review","not_started","","Likely belongs with spline/terrain workflow.","(285.1391, -289.3689, -2.4822)","(431.9462, -225.7859, -0.7878)","(358.5427, -257.5774, -1.635)","1","(-0.00085, 0.0002, 0.00032)","(0.0, 0.0, 0.0)","(1.0, 1.0, 1.0)"
"AP-0176","TERRAIN_TARMAC_BLACK_TARMAC_BLACK_MELBOURNE_0","TERRAIN_TARMAC_BLACK_TARMAC_BLACK_MELBOURNE_0","Surface_Road_Source_03","road_surface","(739.1246, 366.6781, 1.4443)","262","380","['TARMAC_BLACK_MELBOURNE']","unique","track-specific","review","not_started","","Road surfaces need separate spline/profile workflow; do not ordinary-prop extract.","(-36.6415, -285.3767, -1.7615)","(702.4832, 81.3014, -0.3171)","(332.9208, -102.0376, -1.0393)","1","(0.00021, 7e-05, 0.00015)","(0.0, 0.0, 0.0)","(1.0, 1.0, 1.0)"
"AP-0177","TERRAIN_TARMAC_GRAY_TARMAC_DARK_MELBOURNE_0","TERRAIN_TARMAC_GRAY_TARMAC_DARK_MELBOURNE_0","Surface_Road_Source_04","road_surface","(1709.6803, 1357.834, 4.5118)","2247","2809","['TARMAC_DARK_MELBOURNE']","unique","track-specific","review","not_started","","Road surfaces need separate spline/profile workflow; do not ordinary-prop extract.","(-443.1258, -668.4223, -3.1122)","(1266.5544, 689.4117, 1.3996)","(411.7143, 10.4947, -0.8563)","1","(0.00021, 7e-05, 0.00015)","(0.0, 0.0, 0.0)","(1.0, 1.0, 1.0)"
"AP-0178","TERRAIN_WATER_SURFACE_MELBOURNE_WATER_0","TERRAIN_WATER_SURFACE_MELBOURNE_WATER_0","Terrain_Source_10","terrain","(697.1197, 509.223, 1.1936)","34","32","['MELBOURNE_WATER']","unique","track-specific","review","not_started","","Likely belongs with spline/terrain workflow.","(9.3781, -256.6756, -4.6406)","(706.4978, 252.5475, -3.4471)","(357.938, -2.0641, -4.0439)","1","(-0.00038, 7e-05, -0.0004)","(0.0, 0.0, 0.0)","(1.0, 1.0, 1.0)"
"AP-0179","TERRAIN_WHITE_LINES_LINE_WHITE_MELBOURNE_0","TERRAIN_WHITE_LINES_LINE_WHITE_MELBOURNE_0","Terrain_Source_11","terrain","(852.0164, 662.9302, 2.9692)","4455","3781","['LINE_WHITE_MELBOURNE']","unique","track-specific","review","not_started","","Likely belongs with spline/terrain workflow.","(-59.4318, -370.1199, -2.383)","(792.5846, 292.8104, 0.5862)","(366.5764, -38.6548, -0.8984)","1","(0.00021, 7e-05, 0.00015)","(0.0, 0.0, 0.0)","(1.0, 1.0, 1.0)"
"AP-0180","TERRAIN_YELLOW_LINES_LINE_YELLOW_MELBOURNE_0","TERRAIN_YELLOW_LINES_LINE_YELLOW_MELBOURNE_0","Terrain_Source_12","terrain","(913.3804, 688.9458, 3.0348)","3700","3320","['LINE_YELLOW_MELBOURNE']","unique","track-specific","review","not_started","","Likely belongs with spline/terrain workflow.","(-116.5682, -373.5066, -2.3956)","(796.8122, 315.4392, 0.6392)","(340.122, -29.0337, -0.8782)","1","(0.00021, 7e-05, 0.00015)","(0.0, 0.0, 0.0)","(1.0, 1.0, 1.0)"
"AP-0181","TREES_00_TREES_MELBOURNE_0","TREES_00_TREES_MELBOURNE_0","Vegetation_Source_A","vegetation","(796.124, 609.2706, 15.8549)","50300","24816","['TREES_MELBOURNE']","unique","no-production","skip","not_started","","Record only; replace with billboard vegetation later.","(-65.1412, -312.1468, -2.8011)","(730.9828, 297.1239, 13.0538)","(332.9208, -7.5114, 5.1263)","1","(-0.00093, 2e-05, 0.00021)","(0.0, 0.0, 0.0)","(1.0, 1.0, 1.0)"
"AP-0182","TREES_01_TREES_MELBOURNE_0","TREES_01_TREES_MELBOURNE_0","Vegetation_Source_02","vegetation","(281.4921, 349.7303, 18.0312)","65564","33789","['TREES_MELBOURNE']","unique","no-production","skip","not_started","","Record only; replace with billboard vegetation later.","(-86.6061, -303.5303, -3.1708)","(194.886, 46.2, 14.8604)","(54.14, -128.6651, 5.8448)","1","(-2e-05, -0.0001, -8e-05)","(0.0, 0.0, 0.0)","(1.0, 1.0, 1.0)"
"AP-0183","TREES_01_TREES_MELBOURNE_0.001","TREES_01_TREES_MELBOURNE_0.001","Vegetation_Source_03","vegetation","(245.9838, 295.3849, 10.1465)","5983","6972","['TREES_MELBOURNE']","unique","no-production","skip","not_started","","Record only; replace with billboard vegetation later.","(-64.4703, -275.2466, -3.5209)","(181.5135, 20.1383, 6.6256)","(58.5216, -127.5541, 1.5523)","1","(-2e-05, -0.0001, -8e-05)","(0.0, 0.0, 0.0)","(1.0, 1.0, 1.0)"
"AP-0184","TREES_02_TREES_MELBOURNE_0","TREES_02_TREES_MELBOURNE_0","Vegetation_Source_04","vegetation","(247.4776, 273.32, 19.4864)","53081","27859","['TREES_MELBOURNE']","unique","no-production","skip","not_started","","Record only; replace with billboard vegetation later.","(53.4921, 261.4317, -1.4875)","(300.9696, 534.7517, 17.9989)","(177.2309, 398.0917, 8.2557)","1","(-2e-05, -0.00019, -0.00026)","(0.0, 0.0, 0.0)","(1.0, 1.0, 1.0)"
"AP-0185","TREES_03_TREES_MELBOURNE_0","TREES_03_TREES_MELBOURNE_0","Vegetation_Source_05","vegetation","(215.7077, 186.6788, 20.9968)","65564","35233","['TREES_MELBOURNE']","unique","no-production","skip","not_started","","Record only; replace with billboard vegetation later.","(22.911, 213.516, -2.1523)","(238.6188, 400.1948, 18.8445)","(130.7649, 306.8554, 8.3461)","1","(0.00016, -4e-05, 0.00011)","(0.0, 0.0, 0.0)","(1.0, 1.0, 1.0)"
"AP-0186","TREES_03_TREES_MELBOURNE_0.001","TREES_03_TREES_MELBOURNE_0.001","Vegetation_Source_06","vegetation","(223.4794, 196.3546, 17.4268)","23616","11064","['TREES_MELBOURNE']","unique","no-production","skip","not_started","","Record only; replace with billboard vegetation later.","(19.1138, 210.426, -0.7271)","(242.5932, 406.7805, 16.6996)","(130.8535, 308.6033, 7.9862)","1","(0.00016, -4e-05, 0.00011)","(0.0, 0.0, 0.0)","(1.0, 1.0, 1.0)"
"AP-0187","TREES_04_TREES_MELBOURNE_0","TREES_04_TREES_MELBOURNE_0","Vegetation_Source_07","vegetation","(242.3946, 243.8656, 18.3985)","65561","37544","['TREES_MELBOURNE']","unique","no-production","skip","not_started","","Record only; replace with billboard vegetation later.","(-106.3593, 101.8683, -2.6062)","(136.0353, 345.7339, 15.7924)","(14.838, 223.8011, 6.5931)","1","(-0.00048, -0.00019, 0.00017)","(0.0, 0.0, 0.0)","(1.0, 1.0, 1.0)"
"AP-0188","TREES_04_TREES_MELBOURNE_0.001","TREES_04_TREES_MELBOURNE_0.001","Vegetation_Source_08","vegetation","(239.4058, 246.848, 16.8876)","25493","11417","['TREES_MELBOURNE']","unique","no-production","skip","not_started","","Record only; replace with billboard vegetation later.","(-101.2947, 105.0222, -1.1929)","(138.1112, 351.8702, 15.6947)","(18.4082, 228.4462, 7.2509)","1","(-0.00048, -0.00019, 0.00017)","(0.0, 0.0, 0.0)","(1.0, 1.0, 1.0)"
"AP-0189","TREES_05_TREES_MELBOURNE_0","TREES_05_TREES_MELBOURNE_0","Vegetation_Source_09","vegetation","(318.3674, 317.0857, 20.8081)","39484","20656","['TREES_MELBOURNE']","unique","no-production","skip","not_started","","Record only; replace with billboard vegetation later.","(14.4956, -121.5186, -5.6892)","(332.8631, 195.5671, 15.1189)","(173.6794, 37.0243, 4.7148)","1","(0.0001, -0.00014, -2e-05)","(0.0, 0.0, 0.0)","(1.0, 1.0, 1.0)"
"AP-0190","TREES_06_TREES_MELBOURNE_0","TREES_06_TREES_MELBOURNE_0","Vegetation_Source_10","vegetation","(253.8651, 274.3034, 18.2726)","65555","36533","['TREES_MELBOURNE']","unique","no-production","skip","not_started","","Record only; replace with billboard vegetation later.","(-246.7379, -44.6642, -2.5793)","(7.1272, 229.6392, 15.6933)","(-119.8053, 92.4875, 6.557)","1","(-0.0002, 2e-05, 0.00011)","(0.0, 0.0, 0.0)","(1.0, 1.0, 1.0)"
"AP-0191","TREES_06_TREES_MELBOURNE_0.001","TREES_06_TREES_MELBOURNE_0.001","Vegetation_Source_11","vegetation","(260.8144, 281.2682, 16.8357)","17165","10471","['TREES_MELBOURNE']","unique","no-production","skip","not_started","","Record only; replace with billboard vegetation later.","(-251.0046, -47.0162, -1.2989)","(9.8098, 234.252, 15.5368)","(-120.5974, 93.6179, 7.119)","1","(-0.0002, 2e-05, 0.00011)","(0.0, 0.0, 0.0)","(1.0, 1.0, 1.0)"
"AP-0192","TREES_07_TREES_MELBOURNE_0","TREES_07_TREES_MELBOURNE_0","Vegetation_Source_12","vegetation","(274.5324, 332.4273, 17.773)","36272","20186","['TREES_MELBOURNE']","unique","no-production","skip","not_started","","Record only; replace with billboard vegetation later.","(-383.0846, -253.0621, -2.6322)","(-108.5521, 79.3652, 15.1408)","(-245.8184, -86.8484, 6.2543)","1","(-0.00039, -0.0002, -0.00014)","(0.0, 0.0, 0.0)","(1.0, 1.0, 1.0)"
"AP-0193","TREES_08_TREES_MELBOURNE_0","TREES_08_TREES_MELBOURNE_0","Vegetation_Source_13","vegetation","(98.9473, 124.394, 15.7373)","14848","7120","['TREES_MELBOURNE']","unique","no-production","skip","not_started","","Record only; replace with billboard vegetation later.","(769.2944, -185.9218, -1.195)","(868.2418, -61.5277, 14.5422)","(818.7681, -123.7248, 6.6736)","1","(-0.00011, -0.00014, 5e-05)","(0.0, 0.0, 0.0)","(1.0, 1.0, 1.0)"
"AP-0194","TREES_09_TREES_MELBOURNE_0","TREES_09_TREES_MELBOURNE_0","Vegetation_Source_14","vegetation","(271.9265, 305.0001, 18.336)","65535","33340","['TREES_MELBOURNE']","unique","no-production","skip","not_started","","Record only; replace with billboard vegetation later.","(744.3992, -422.2694, -3.2949)","(1016.3256, -117.2692, 15.0411)","(880.3624, -269.7693, 5.8731)","1","(-0.0002, 4e-05, 4e-05)","(0.0, 0.0, 0.0)","(1.0, 1.0, 1.0)"
"AP-0195","TREES_09_TREES_MELBOURNE_0.001","TREES_09_TREES_MELBOURNE_0.001","Vegetation_Source_15","vegetation","(280.2504, 310.4522, 16.6656)","16270","9874","['TREES_MELBOURNE']","unique","no-production","skip","not_started","","Record only; replace with billboard vegetation later.","(742.8163, -425.6942, -1.7617)","(1023.0667, -115.242, 14.9039)","(882.9415, -270.4681, 6.5711)","1","(-0.0002, 4e-05, 4e-05)","(0.0, 0.0, 0.0)","(1.0, 1.0, 1.0)"
"AP-0196","TREES_10_TREES_MELBOURNE_0","TREES_10_TREES_MELBOURNE_0","Vegetation_Source_16","vegetation","(215.2485, 215.6323, 17.6423)","7255","6732","['TREES_MELBOURNE']","unique","no-production","skip","not_started","","Record only; replace with billboard vegetation later.","(739.0623, -529.2634, -3.3046)","(954.3109, -313.6311, 14.3377)","(846.6866, -421.4473, 5.5166)","1","(-5e-05, 2e-05, -2e-05)","(0.0, 0.0, 0.0)","(1.0, 1.0, 1.0)"
"AP-0197","TREES_11_TREES_MELBOURNE_0","TREES_11_TREES_MELBOURNE_0","Vegetation_Source_17","vegetation","(193.7919, 219.2028, 18.1892)","18683","11228","['TREES_MELBOURNE']","unique","no-production","skip","not_started","","Record only; replace with billboard vegetation later.","(596.7744, -638.7278, -3.9578)","(790.5662, -419.525, 14.2315)","(693.6703, -529.1265, 5.1369)","1","(-8e-05, -7e-05, 0.00011)","(0.0, 0.0, 0.0)","(1.0, 1.0, 1.0)"
"AP-0198","TREES_12_TREES_MELBOURNE_0","TREES_12_TREES_MELBOURNE_0","Vegetation_Source_18","vegetation","(275.9321, 289.5753, 18.1646)","65535","32697","['TREES_MELBOURNE']","unique","no-production","skip","not_started","","Record only; replace with billboard vegetation later.","(366.263, -543.6278, -3.8181)","(642.1951, -254.0526, 14.3465)","(504.2291, -398.8402, 5.2642)","1","(-0.00014, -0.00016, -2e-05)","(0.0, 0.0, 0.0)","(1.0, 1.0, 1.0)"
"AP-0199","TREES_12_TREES_MELBOURNE_0.001","TREES_12_TREES_MELBOURNE_0.001","Vegetation_Source_19","vegetation","(279.8652, 289.3744, 16.7724)","11228","8798","['TREES_MELBOURNE']","unique","no-production","skip","not_started","","Record only; replace with billboard vegetation later.","(365.6295, -547.0797, -2.6826)","(645.4947, -257.7053, 14.0898)","(505.5621, -402.3925, 5.7036)","1","(-0.00014, -0.00016, -2e-05)","(0.0, 0.0, 0.0)","(1.0, 1.0, 1.0)"
"AP-0200","TREES_13_TREES_MELBOURNE_0","TREES_13_TREES_MELBOURNE_0","Vegetation_Source_20","vegetation","(217.5766, 218.446, 18.0594)","65541","35749","['TREES_MELBOURNE']","unique","no-production","skip","not_started","","Record only; replace with billboard vegetation later.","(601.4311, -442.1283, -3.6548)","(819.0077, -223.6823, 14.4046)","(710.2194, -332.9053, 5.3749)","1","(0.00013, 0.00014, -2e-05)","(0.0, 0.0, 0.0)","(1.0, 1.0, 1.0)"
"AP-0201","TREES_13_TREES_MELBOURNE_0.001","TREES_13_TREES_MELBOURNE_0.001","Vegetation_Source_21","vegetation","(225.234, 227.2493, 16.342)","20116","10596","['TREES_MELBOURNE']","unique","no-production","skip","not_started","","Record only; replace with billboard vegetation later.","(597.3168, -446.1249, -1.8314)","(822.5508, -218.8756, 14.5107)","(709.9338, -332.5003, 6.3397)","1","(0.00013, 0.00014, -2e-05)","(0.0, 0.0, 0.0)","(1.0, 1.0, 1.0)"
"AP-0202","TREES_14_TREES_MELBOURNE_0","TREES_14_TREES_MELBOURNE_0","Vegetation_Source_22","vegetation","(202.1766, 245.2441, 19.0357)","25374","15193","['TREES_MELBOURNE']","unique","no-production","skip","not_started","","Record only; replace with billboard vegetation later.","(491.1052, -275.1871, -4.6666)","(693.2817, -29.9429, 14.3692)","(592.1935, -152.565, 4.8513)","1","(-0.00033, -7e-05, 4e-05)","(0.0, 0.0, 0.0)","(1.0, 1.0, 1.0)"
"AP-0203","TREES_15_TREES_MELBOURNE_0","TREES_15_TREES_MELBOURNE_0","Vegetation_Source_23","vegetation","(234.3381, 300.1464, 18.1624)","50577","25891","['TREES_MELBOURNE']","unique","no-production","skip","not_started","","Record only; replace with billboard vegetation later.","(542.407, -233.9241, -3.0081)","(776.7451, 66.2222, 15.1543)","(659.576, -83.851, 6.0731)","1","(-0.00039, 2e-05, -2e-05)","(0.0, 0.0, 0.0)","(1.0, 1.0, 1.0)"
"AP-0204","TREES_16_TREES_MELBOURNE_0","TREES_16_TREES_MELBOURNE_0","Vegetation_Source_24","vegetation","(236.688, 243.6114, 21.897)","43859","26046","['TREES_MELBOURNE']","unique","no-production","skip","not_started","","Record only; replace with billboard vegetation later.","(346.0753, -56.0778, -1.7815)","(582.7633, 187.5335, 20.1155)","(464.4193, 65.7279, 9.167)","1","(-0.00024, -5e-05, -2e-05)","(0.0, 0.0, 0.0)","(1.0, 1.0, 1.0)"
"AP-0205","TREES_17_TREES_MELBOURNE_0","TREES_17_TREES_MELBOURNE_0","Vegetation_Source_25","vegetation","(271.0002, 311.2277, 22.4541)","65570","40777","['TREES_MELBOURNE']","unique","no-production","skip","not_started","","Record only; replace with billboard vegetation later.","(195.905, 65.8434, -2.3452)","(466.9052, 377.0711, 20.1089)","(331.4051, 221.4573, 8.8819)","1","(-0.00021, -2e-05, 5e-05)","(0.0, 0.0, 0.0)","(1.0, 1.0, 1.0)"
"AP-0206","TREES_17_TREES_MELBOURNE_0.001","TREES_17_TREES_MELBOURNE_0.001","Vegetation_Source_26","vegetation","(211.1863, 262.3902, 14.8398)","2377","1835","['TREES_MELBOURNE']","unique","no-production","skip","not_started","","Record only; replace with billboard vegetation later.","(209.6116, 67.1441, -1.7607)","(420.7979, 329.5343, 13.079)","(315.2048, 198.3392, 5.6592)","1","(-0.00021, -2e-05, 5e-05)","(0.0, 0.0, 0.0)","(1.0, 1.0, 1.0)"
"AP-0207","TREES_18_TREES_MELBOURNE_0","TREES_18_TREES_MELBOURNE_0","Vegetation_Source_27","vegetation","(366.454, 358.5957, 19.0179)","65568","37560","['TREES_MELBOURNE']","unique","no-production","skip","not_started","","Record only; replace with billboard vegetation later.","(168.3436, -342.472, -4.2279)","(534.7976, 16.1237, 14.7901)","(351.5706, -163.1741, 5.2811)","1","(-0.00014, 0.00011, 4e-05)","(0.0, 0.0, 0.0)","(1.0, 1.0, 1.0)"
"AP-0208","TREES_18_TREES_MELBOURNE_0.001","TREES_18_TREES_MELBOURNE_0.001","Vegetation_Source_28","vegetation","(373.7547, 365.8828, 14.3984)","21257","10603","['TREES_MELBOURNE']","unique","no-production","skip","not_started","","Record only; replace with billboard vegetation later.","(164.2693, -345.9937, -2.0643)","(538.024, 19.8891, 12.3341)","(351.1467, -163.0523, 5.1349)","1","(-0.00014, 0.00011, 4e-05)","(0.0, 0.0, 0.0)","(1.0, 1.0, 1.0)"
"AP-0209","TREES_19_TREES_MELBOURNE_0","TREES_19_TREES_MELBOURNE_0","Vegetation_Source_29","vegetation","(293.7154, 305.2267, 18.9982)","62400","36287","['TREES_MELBOURNE']","unique","no-production","skip","not_started","","Record only; replace with billboard vegetation later.","(143.3613, -465.1845, -4.2644)","(437.0767, -159.9578, 14.7338)","(290.219, -312.5711, 5.2347)","1","(-0.00021, -0.0002, 0.00011)","(0.0, 0.0, 0.0)","(1.0, 1.0, 1.0)"
"AP-0210","TREES_20_TREES_MELBOURNE_0","TREES_20_TREES_MELBOURNE_0","Vegetation_Source_30","vegetation","(221.3736, 227.0826, 18.7088)","39623","26995","['TREES_MELBOURNE']","unique","no-production","skip","not_started","","Record only; replace with billboard vegetation later.","(-33.8145, -163.2943, -4.2953)","(187.5591, 63.7883, 14.4136)","(76.8723, -49.753, 5.0592)","1","(4e-05, -0.00014, -2e-05)","(0.0, 0.0, 0.0)","(1.0, 1.0, 1.0)"
"AP-0211","TREES_21_TREES_MELBOURNE_0","TREES_21_TREES_MELBOURNE_0","Vegetation_Source_31","vegetation","(270.5407, 306.8085, 18.207)","51113","30149","['TREES_MELBOURNE']","unique","no-production","skip","not_started","","Record only; replace with billboard vegetation later.","(-91.7271, -400.2012, -3.3148)","(178.8136, -93.3927, 14.8922)","(43.5433, -246.797, 5.7887)","1","(0.00016, -0.0002, -2e-05)","(0.0, 0.0, 0.0)","(1.0, 1.0, 1.0)"
"AP-0212","VEHICLES_00_MELBOURNE_0","VEHICLES_00_MELBOURNE_0","Prop_VehicleGroup_A","trackside_prop","(10.5078, 12.758, 5.0382)","128","96","['MELBOURNE']","unique","review","review","not_started","","","(527.2873, -108.0176, -5.2935)","(537.7951, -95.2596, -0.2553)","(532.5412, -101.6386, -2.7744)","1","(-0.00407, 0.00011, 0.00208)","(0.0, 0.0, 0.0)","(1.0, 1.0, 1.0)"
"AP-0213","VEHICLES_01_MELBOURNE_0","VEHICLES_01_MELBOURNE_0","Prop_VehicleGroup_02","trackside_prop","(12.934, 10.0754, 5.0319)","128","96","['MELBOURNE']","unique","review","review","not_started","","","(512.1504, -103.4842, -5.2828)","(525.0844, -93.4088, -0.2509)","(518.6174, -98.4465, -2.7669)","1","(1e-05, -1e-05, -0.00196)","(0.0, 0.0, 0.0)","(1.0, 1.0, 1.0)"
"AP-0214","VEHICLES_02_MELBOURNE_0","VEHICLES_02_MELBOURNE_0","Prop_VehicleGroup_03","trackside_prop","(11.7645, 11.8931, 5.0362)","128","96","['MELBOURNE']","unique","review","review","not_started","","","(147.1042, -3.7423, -5.0491)","(158.8688, 8.1507, -0.0129)","(152.9865, 2.2042, -2.531)","1","(-1e-05, -2e-05, 0.00027)","(0.0, 0.0, 0.0)","(1.0, 1.0, 1.0)"
"AP-0215","VEHICLES_03_MELBOURNE_0","VEHICLES_03_MELBOURNE_0","Prop_VehicleGroup_04","trackside_prop","(8.0089, 13.3385, 5.0396)","128","96","['MELBOURNE']","unique","review","review","not_started","","","(208.1711, 112.16, -4.7774)","(216.18, 125.4985, 0.2622)","(212.1755, 118.8292, -2.2576)","1","(-0.00179, 6e-05, 0.00012)","(0.0, 0.0, 0.0)","(1.0, 1.0, 1.0)"
"AP-0216","VEHICLES_04_MELBOURNE_0","VEHICLES_04_MELBOURNE_0","Prop_VehicleGroup_05","trackside_prop","(13.3326, 7.8495, 5.0267)","128","96","['MELBOURNE']","unique","review","review","not_started","","","(575.0995, -197.1224, -5.5024)","(588.4321, -189.2729, -0.4756)","(581.7659, -193.1977, -2.989)","1","(0.00025, 0.00034, 0.00043)","(0.0, 0.0, 0.0)","(1.0, 1.0, 1.0)"
"AP-0217","VEHICLES_05_MELBOURNE_0","VEHICLES_05_MELBOURNE_0","Prop_VehicleGroup_06","trackside_prop","(13.5021, 3.1963, 11.0122)","4071","3180","['MELBOURNE']","unique","review","review","not_started","","","(161.9261, -122.136, -1.3636)","(175.4282, -118.9398, 9.6486)","(168.6772, -120.5379, 4.1425)","1","(0.00048, -0.00031, -0.00014)","(0.0, 0.0, 0.0)","(1.0, 1.0, 1.0)"
"AP-0218","VEHICLES_06_MELBOURNE_0","VEHICLES_06_MELBOURNE_0","Prop_VehicleGroup_07","trackside_prop","(10.7253, 11.9271, 11.0858)","4071","3180","['MELBOURNE']","unique","review","review","not_started","","","(-24.6807, 59.7144, -0.519)","(-13.9554, 71.6416, 10.5668)","(-19.3181, 65.678, 5.0239)","1","(-8e-05, 0.00054, -3e-05)","(0.0, 0.0, 0.0)","(1.0, 1.0, 1.0)"
"AP-0219","VEHICLES_07_MELBOURNE_0","VEHICLES_07_MELBOURNE_0","Prop_VehicleGroup_08","trackside_prop","(13.6636, 6.1178, 11.0781)","4071","3180","['MELBOURNE']","unique","review","review","not_started","","","(151.8836, 261.551, 0.0663)","(165.5472, 267.6688, 11.1444)","(158.7154, 264.6099, 5.6054)","1","(-0.00036, -0.00125, 1e-05)","(0.0, 0.0, 0.0)","(1.0, 1.0, 1.0)"
"AP-0220","VEHICLES_08_MELBOURNE_0","VEHICLES_08_MELBOURNE_0","Prop_VehicleGroup_09","trackside_prop","(7.7351, 13.4232, 11.1137)","4071","3180","['MELBOURNE']","unique","review","review","not_started","","","(261.1139, 61.4896, -0.4066)","(268.8489, 74.9128, 10.7071)","(264.9814, 68.2012, 5.1502)","1","(-0.00016, -0.0014, -2e-05)","(0.0, 0.0, 0.0)","(1.0, 1.0, 1.0)"
"AP-0221","VEHICLES_09_MELBOURNE_0","VEHICLES_09_MELBOURNE_0","Prop_VehicleGroup_10","trackside_prop","(4.1362, 13.6191, 11.0164)","4071","3180","['MELBOURNE']","unique","review","review","not_started","","","(668.8218, -226.3895, -1.397)","(672.9581, -212.7703, 9.6194)","(670.89, -219.5799, 4.1112)","1","(0.00078, 0.00298, 0.00024)","(0.0, 0.0, 0.0)","(1.0, 1.0, 1.0)"
"AP-0222","VEHICLES_10_MELBOURNE_0","VEHICLES_10_MELBOURNE_0","Prop_VehicleGroup_11","trackside_prop","(6.4117, 8.2388, 4.0861)","3025","1808","['MELBOURNE']","unique","review","review","not_started","","","(-88.1165, 108.458, -0.1482)","(-81.7049, 116.6968, 3.938)","(-84.9107, 112.5774, 1.8949)","1","(0.00036, 0.00089, 6e-05)","(0.0, 0.0, 0.0)","(1.0, 1.0, 1.0)"
"AP-0223","VEHICLES_11_MELBOURNE_0","VEHICLES_11_MELBOURNE_0","Prop_VehicleGroup_12","trackside_prop","(66.2721, 52.7261, 4.1997)","18690","14134","['MELBOURNE']","unique","review","review","not_started","","","(-35.4958, -153.9934, -1.3203)","(30.7764, -101.2672, 2.8794)","(-2.3597, -127.6303, 0.7796)","1","(-0.00011, -0.00031, 3e-05)","(0.0, 0.0, 0.0)","(1.0, 1.0, 1.0)"
"AP-0224","VEHICLES_12_MELBOURNE_0","VEHICLES_12_MELBOURNE_0","Prop_VehicleGroup_13","trackside_prop","(24.7395, 25.1109, 2.1193)","3562","3944","['MELBOURNE']","unique","review","review","not_started","","","(169.9366, -101.2179, -1.0717)","(194.6761, -76.107, 1.0475)","(182.3064, -88.6625, -0.0121)","1","(-0.00015, 0.00091, 9e-05)","(0.0, 0.0, 0.0)","(1.0, 1.0, 1.0)"
"AP-0225","VEHICLES_13_MELBOURNE_0","VEHICLES_13_MELBOURNE_0","Prop_VehicleGroup_14","terrain","(121.4951, 64.1748, 4.6227)","13870","10354","['MELBOURNE']","unique","track-specific","review","not_started","","Large footprint suggests track-specific ground or merged scene geometry.","(349.1497, -266.241, -1.7101)","(470.6447, -202.0662, 2.9126)","(409.8972, -234.1536, 0.6013)","1","(1e-05, 0.00137, 0.00032)","(0.0, 0.0, 0.0)","(1.0, 1.0, 1.0)"
"AP-0226","VEHICLES_14_MELBOURNE_0","VEHICLES_14_MELBOURNE_0","Prop_VehicleGroup_15","trackside_prop","(13.4242, 7.3908, 11.0433)","4071","3180","['MELBOURNE']","unique","review","review","not_started","","","(595.3329, -90.0557, -0.603)","(608.7571, -82.665, 10.4403)","(602.045, -86.3604, 4.9187)","1","(0.00111, -0.00019, 0.00037)","(0.0, 0.0, 0.0)","(1.0, 1.0, 1.0)"
"AP-0227","VEHICLES_15_MELBOURNE_0","VEHICLES_15_MELBOURNE_0","Prop_VehicleGroup_16","terrain","(68.8721, 83.8312, 4.6582)","32513","27910","['MELBOURNE']","unique","track-specific","review","not_started","","Large footprint suggests track-specific ground or merged scene geometry.","(-304.9112, 31.5943, -0.7674)","(-236.0391, 115.4256, 3.8908)","(-270.4752, 73.5099, 1.5617)","1","(0.00156, -0.00062, 6e-05)","(0.0, 0.0, 0.0)","(1.0, 1.0, 1.0)"
"AP-0228","VEHICLES_16_MELBOURNE_0","VEHICLES_16_MELBOURNE_0","Prop_VehicleGroup_17","trackside_prop","(43.6147, 52.5927, 2.183)","5348","5916","['MELBOURNE']","unique","review","review","not_started","","","(856.3585, -485.8031, -1.5104)","(899.9733, -433.2105, 0.6726)","(878.1659, -459.5068, -0.4189)","1","(-0.00076, 0.00206, -0.00055)","(0.0, 0.0, 0.0)","(1.0, 1.0, 1.0)"
"AP-0229","VEHICLES_17_MELBOURNE_0","VEHICLES_17_MELBOURNE_0","Prop_VehicleGroup_18","trackside_prop","(35.4146, 26.8584, 4.1417)","6735","5752","['MELBOURNE']","unique","review","review","not_started","","","(453.0306, -203.7601, -1.3339)","(488.4452, -176.9017, 2.8078)","(470.7379, -190.3309, 0.737)","1","(-0.00308, -0.00161, -3e-05)","(0.0, 0.0, 0.0)","(1.0, 1.0, 1.0)"
"AP-0230","wall_a064_MELBOURNE_0","wall_a064_MELBOURNE_0","Barrier_Wall_A","barrier","(6.6153, 15.3527, 4.6354)","612","344","['MELBOURNE']","unique","yes","keep","not_started","Barrier_Wall_A.glb","","(110.1386, -176.497, -1.6286)","(116.7539, -161.1443, 3.0068)","(113.4463, -168.8207, 0.6891)","1","(-0.00137, 0.0002, 0.00038)","(0.0, 0.0, 0.0)","(1.0, 1.0, 1.0)"
"AP-0231","wall_a067_MELBOURNE_0","wall_a067_MELBOURNE_0","Barrier_Wall_02","barrier","(7.8291, 10.3808, 4.6374)","468","258","['MELBOURNE']","unique","yes","keep","not_started","Barrier_Wall_02.glb","","(-107.7172, 12.7602, -0.8795)","(-99.888, 23.141, 3.7579)","(-103.8026, 17.9506, 1.4392)","1","(6e-05, 0.0, -0.00016)","(0.0, 0.0, 0.0)","(1.0, 1.0, 1.0)"
"AP-0232","wall_a070_MELBOURNE_0","wall_a070_MELBOURNE_0","Barrier_Wall_03","barrier","(14.4386, 8.7992, 4.6154)","614","344","['MELBOURNE']","unique","yes","keep","not_started","Barrier_Wall_03.glb","","(80.6007, 286.9485, -0.2932)","(95.0392, 295.7478, 4.3222)","(87.8199, 291.3481, 2.0145)","1","(-0.00048, 0.00024, -0.0015)","(0.0, 0.0, 0.0)","(1.0, 1.0, 1.0)"
"AP-0233","wall_a075_MELBOURNE_0","wall_a075_MELBOURNE_0","Barrier_Wall_04","barrier","(16.5112, 13.0017, 4.6311)","748","430","['MELBOURNE']","unique","yes","keep","not_started","Barrier_Wall_04.glb","","(734.5157, -280.5151, -1.1977)","(751.027, -267.5134, 3.4334)","(742.7714, -274.0143, 1.1179)","1","(0.00163, -0.00035, -0.00067)","(0.0, 0.0, 0.0)","(1.0, 1.0, 1.0)"
"AP-0234","wall_a077_MELBOURNE_0","wall_a077_MELBOURNE_0","Barrier_Wall_05","barrier","(83.6585, 46.8638, 5.0312)","3033","1698","['MELBOURNE']","unique","track-specific","review","not_started","","Large footprint suggests merged or track-shaped mesh; review before modular extraction.","(-21.8453, 62.8276, -0.9416)","(61.8131, 109.6914, 4.0896)","(19.9839, 86.2595, 1.574)","1","(-0.00012, 2e-05, -0.00037)","(0.0, 0.0, 0.0)","(1.0, 1.0, 1.0)"
"AP-0235","wall_a081_MELBOURNE_0","wall_a081_MELBOURNE_0","Barrier_Wall_06","barrier","(25.5101, 14.298, 4.6342)","1062","602","['MELBOURNE']","unique","yes","keep","not_started","Barrier_Wall_06.glb","","(448.106, -282.9716, -1.9603)","(473.6161, -268.6736, 2.6739)","(460.8611, -275.8226, 0.3568)","1","(0.00218, -3e-05, -0.00019)","(0.0, 0.0, 0.0)","(1.0, 1.0, 1.0)"
"AP-0236","wall_a083_MELBOURNE_0","wall_a083_MELBOURNE_0","Barrier_Concrete_A","barrier","(15.976, 3.4162, 4.7323)","610","344","['MELBOURNE']","derived_from_assembly","yes","keep","approved","Barrier_Concrete_A.glb","Approved canonical derived asset Barrier_Concrete_A extracted from one repeated concrete wall unit within AP-0236, not the full wall_a083 assembly. Cleaned source mesh approved: one connected component; 30 vertices / 56 triangles; no loose, duplicate, zero-area, duplicate-face, or degenerate geometry in editable source. GLB re-import hard-normal splits are expected and are not a source-topology defect. Dimensions/transforms approved: 4.004852 x 0.602844 x 1.280897 m, Location 0,0,0 Rotation 0,0,0 Scale 1,1,1, min Z 0. Material approved: Concrete_LightGrey_Matte. Full AP-0236 includes fence/posts/supports and remains donor-only.","(274.1544, -208.9503, -2.1176)","(290.1305, -205.5341, 2.6147)","(282.1425, -207.2422, 0.2486)","1","(-0.00111, 0.00018, 0.00067)","(0.0, 0.0, 0.0)","(1.0, 1.0, 1.0)"
"AP-0237","WALL_BLOCKS_001_MELBOURNE_0","WALL_BLOCKS_001_MELBOURNE_0","Barrier_WallBlock_A","barrier","(357.3648, 137.4924, 5.7566)","13596","7666","['MELBOURNE']","unique","track-specific","review","not_started","","Large footprint suggests merged or track-shaped mesh; review before modular extraction.","(110.4922, -311.1479, -2.5591)","(467.857, -173.6555, 3.1975)","(289.1746, -242.4017, 0.3192)","1","(-0.00063, -1e-05, 2e-05)","(0.0, 0.0, 0.0)","(1.0, 1.0, 1.0)"
"AP-0238","WALL_BLOCKS_002_MELBOURNE_0","WALL_BLOCKS_002_MELBOURNE_0","Barrier_WallBlock_02","barrier","(202.933, 77.5842, 5.4645)","7793","4356","['MELBOURNE']","unique","track-specific","review","not_started","","Large footprint suggests merged or track-shaped mesh; review before modular extraction.","(264.2504, -290.8369, -2.3596)","(467.1833, -213.2528, 3.1049)","(365.7169, -252.0449, 0.3727)","1","(-0.00053, -2e-05, 0.00172)","(0.0, 0.0, 0.0)","(1.0, 1.0, 1.0)"
"AP-0239","WALL_BLOCKS_004_MELBOURNE_0","WALL_BLOCKS_004_MELBOURNE_0","Barrier_WallBlock_03","barrier","(69.8802, 32.8018, 4.881)","2556","1452","['MELBOURNE']","unique","track-specific","review","not_started","","Large footprint suggests merged or track-shaped mesh; review before modular extraction.","(204.5542, -213.266, -2.3319)","(274.4344, -180.4642, 2.549)","(239.4943, -196.8651, 0.1086)","1","(-2e-05, -0.00012, -0.00105)","(0.0, 0.0, 0.0)","(1.0, 1.0, 1.0)"
"AP-0240","WALL_BLOCKS_005_MELBOURNE_0","WALL_BLOCKS_005_MELBOURNE_0","Barrier_WallBlock_04","barrier","(69.766, 61.3194, 5.432)","2554","1452","['MELBOURNE']","unique","track-specific","review","not_started","","Large footprint suggests merged or track-shaped mesh; review before modular extraction.","(154.227, -188.882, -2.2862)","(223.993, -127.5626, 3.1458)","(189.11, -158.2223, 0.4298)","1","(6e-05, 0.00013, 0.00029)","(0.0, 0.0, 0.0)","(1.0, 1.0, 1.0)"
"AP-0241","WALL_BLOCKS_006_MELBOURNE_0","WALL_BLOCKS_006_MELBOURNE_0","Barrier_WallBlock_05","barrier","(39.308, 45.9884, 4.932)","2550","1452","['MELBOURNE']","unique","track-specific","review","not_started","","Large footprint suggests merged or track-shaped mesh; review before modular extraction.","(115.4459, -171.1938, -1.7685)","(154.7539, -125.2055, 3.1635)","(135.0999, -148.1996, 0.6975)","1","(-0.00041, -0.00026, -0.00017)","(0.0, 0.0, 0.0)","(1.0, 1.0, 1.0)"
"AP-0242","WALL_BLOCKS_007_MELBOURNE_0","WALL_BLOCKS_007_MELBOURNE_0","Barrier_WallBlock_06","barrier","(218.2851, 112.1698, 5.3856)","8259","4682","['MELBOURNE']","unique","track-specific","review","not_started","","Large footprint suggests merged or track-shaped mesh; review before modular extraction.","(-39.4958, -121.52, -1.8126)","(178.7893, -9.3502, 3.5731)","(69.6468, -65.4351, 0.8803)","1","(0.00063, -5e-05, -0.00044)","(0.0, 0.0, 0.0)","(1.0, 1.0, 1.0)"
"AP-0243","WALL_BLOCKS_008_MELBOURNE_0","WALL_BLOCKS_008_MELBOURNE_0","Barrier_WallBlock_07","barrier","(270.4695, 141.6613, 5.4676)","9814","5568","['MELBOURNE']","unique","track-specific","review","not_started","","Large footprint suggests merged or track-shaped mesh; review before modular extraction.","(-124.5129, -127.8957, -1.742)","(145.9566, 13.7655, 3.7256)","(10.7219, -57.0651, 0.9918)","1","(0.0001, 2e-05, -0.00056)","(0.0, 0.0, 0.0)","(1.0, 1.0, 1.0)"
"AP-0244","WALL_BLOCKS_009_MELBOURNE_0","WALL_BLOCKS_009_MELBOURNE_0","Barrier_WallBlock_08","barrier","(94.9167, 90.0011, 5.2814)","4418","2504","['MELBOURNE']","unique","track-specific","review","not_started","","Large footprint suggests merged or track-shaped mesh; review before modular extraction.","(-102.9406, -6.7438, -1.3845)","(-8.0239, 83.2573, 3.8969)","(-55.4823, 38.2568, 1.2562)","1","(0.00011, 3e-05, -8e-05)","(0.0, 0.0, 0.0)","(1.0, 1.0, 1.0)"
"AP-0245","WALL_BLOCKS_010_MELBOURNE_0","WALL_BLOCKS_010_MELBOURNE_0","Barrier_WallBlock_09","barrier","(82.0946, 109.7265, 5.1941)","3999","2264","['MELBOURNE']","unique","track-specific","review","not_started","","Large footprint suggests merged or track-shaped mesh; review before modular extraction.","(-25.6274, -27.7884, -1.3652)","(56.4672, 81.9381, 3.8288)","(15.4199, 27.0748, 1.2318)","1","(-0.00014, 6e-05, 9e-05)","(0.0, 0.0, 0.0)","(1.0, 1.0, 1.0)"
"AP-0246","WALL_BLOCKS_011_MELBOURNE_0","WALL_BLOCKS_011_MELBOURNE_0","Barrier_WallBlock_10","barrier","(127.5634, 176.318, 5.6111)","6819","3876","['MELBOURNE']","unique","track-specific","review","not_started","","Large footprint suggests merged or track-shaped mesh; review before modular extraction.","(-24.5355, 86.3543, -0.9678)","(103.0279, 262.6723, 4.6433)","(39.2462, 174.5133, 1.8377)","1","(-0.00027, 4e-05, -0.00117)","(0.0, 0.0, 0.0)","(1.0, 1.0, 1.0)"
"AP-0247","WALL_BLOCKS_012_MELBOURNE_0","WALL_BLOCKS_012_MELBOURNE_0","Barrier_WallBlock_11","barrier","(144.5854, 262.8563, 5.9343)","10234","5808","['MELBOURNE']","unique","track-specific","review","not_started","","Large footprint suggests merged or track-shaped mesh; review before modular extraction.","(-61.1141, 55.8128, -0.9897)","(83.4713, 318.6691, 4.9446)","(11.1786, 187.2409, 1.9775)","1","(-0.00019, 8e-05, -0.0002)","(0.0, 0.0, 0.0)","(1.0, 1.0, 1.0)"
"AP-0248","WALL_BLOCKS_014_MELBOURNE_0","WALL_BLOCKS_014_MELBOURNE_0","Barrier_WallBlock_12","barrier","(511.8774, 366.1913, 6.1247)","20430","11616","['MELBOURNE']","unique","track-specific","review","not_started","","Large footprint suggests merged or track-shaped mesh; review before modular extraction.","(39.6661, -96.6777, -1.5206)","(551.5435, 269.5137, 4.6041)","(295.6048, 86.418, 1.5417)","1","(-0.00098, 0.00017, -0.00047)","(0.0, 0.0, 0.0)","(1.0, 1.0, 1.0)"
"AP-0249","WALL_BLOCKS_015_MELBOURNE_0","WALL_BLOCKS_015_MELBOURNE_0","Barrier_WallBlock_13","barrier","(63.6925, 61.0539, 4.8706)","2443","1372","['MELBOURNE']","unique","track-specific","review","not_started","","Large footprint suggests merged or track-shaped mesh; review before modular extraction.","(480.0149, -100.7328, -1.0979)","(543.7074, -39.6789, 3.7727)","(511.8611, -70.2058, 1.3374)","1","(-0.00081, -9e-05, -0.00043)","(0.0, 0.0, 0.0)","(1.0, 1.0, 1.0)"
"AP-0250","WALL_BLOCKS_017_MELBOURNE_0","WALL_BLOCKS_017_MELBOURNE_0","Barrier_WallBlock_14","barrier","(531.9792, 373.7972, 6.147)","22581","12834","['MELBOURNE']","unique","track-specific","review","not_started","","Large footprint suggests merged or track-shaped mesh; review before modular extraction.","(18.7032, -79.2555, -1.3829)","(550.6825, 294.5416, 4.764)","(284.6929, 107.643, 1.6906)","1","(-0.00106, 0.00022, 0.00083)","(0.0, 0.0, 0.0)","(1.0, 1.0, 1.0)"
"AP-0251","WALL_BLOCKS_018_MELBOURNE_0","WALL_BLOCKS_018_MELBOURNE_0","Barrier_WallBlock_15","barrier","(205.1084, 163.7524, 5.7073)","8467","4795","['MELBOURNE']","unique","track-specific","review","not_started","","Large footprint suggests merged or track-shaped mesh; review before modular extraction.","(506.4409, -219.8757, -1.6481)","(711.5493, -56.1233, 4.0592)","(608.9951, -137.9995, 1.2055)","1","(-0.00443, -6e-05, 0.00117)","(0.0, 0.0, 0.0)","(1.0, 1.0, 1.0)"
"AP-0252","WALL_BLOCKS_019_MELBOURNE_0","WALL_BLOCKS_019_MELBOURNE_0","Barrier_WallBlock_16","barrier","(283.2906, 190.8204, 5.5175)","10216","5808","['MELBOURNE']","unique","track-specific","review","not_started","","Large footprint suggests merged or track-shaped mesh; review before modular extraction.","(466.3261, -192.0102, -1.3293)","(749.6168, -1.1898, 4.1882)","(607.9714, -96.6, 1.4294)","1","(-0.00458, 6e-05, -0.00013)","(0.0, 0.0, 0.0)","(1.0, 1.0, 1.0)"
"AP-0253","WALL_BLOCKS_021_MELBOURNE_0","WALL_BLOCKS_021_MELBOURNE_0","Barrier_WallBlock_17","barrier","(174.7326, 191.9672, 5.8652)","9235","5248","['MELBOURNE']","unique","track-specific","review","not_started","","Large footprint suggests merged or track-shaped mesh; review before modular extraction.","(598.7279, -361.17, -2.1587)","(773.4605, -169.2029, 3.7065)","(686.0942, -265.1865, 0.7739)","1","(-0.00192, -0.00044, 0.00054)","(0.0, 0.0, 0.0)","(1.0, 1.0, 1.0)"
"AP-0254","WALL_BLOCKS_022_MELBOURNE_0","WALL_BLOCKS_022_MELBOURNE_0","Barrier_WallBlock_18","barrier","(192.4469, 129.6473, 5.2234)","7954","4522","['MELBOURNE']","unique","track-specific","review","not_started","","Large footprint suggests merged or track-shaped mesh; review before modular extraction.","(477.2553, -284.975, -2.0114)","(669.7022, -155.3276, 3.2121)","(573.4788, -220.1513, 0.6004)","1","(-0.00478, -0.00019, -0.00023)","(0.0, 0.0, 0.0)","(1.0, 1.0, 1.0)"
"AP-0255","WALL_BLOCKS_023_MELBOURNE_0","WALL_BLOCKS_023_MELBOURNE_0","Barrier_WallBlock_19","barrier","(59.3877, 95.9145, 5.2012)","3727","2098","['MELBOURNE']","unique","track-specific","review","not_started","","Large footprint suggests merged or track-shaped mesh; review before modular extraction.","(457.9459, -287.2433, -2.1601)","(517.3336, -191.3288, 3.041)","(487.6397, -239.286, 0.4405)","1","(-0.00288, -0.00041, -0.00012)","(0.0, 0.0, 0.0)","(1.0, 1.0, 1.0)"
"AP-0256","WALL_BLOCKS__MELBOURNE_0","WALL_BLOCKS__MELBOURNE_0","Barrier_WallBlock_20","barrier","(146.3432, 115.9119, 5.0494)","6553","3713","['MELBOURNE']","unique","track-specific","review","not_started","","Large footprint suggests merged or track-shaped mesh; review before modular extraction.","(466.4503, -355.4983, -2.1908)","(612.7935, -239.5864, 2.8586)","(539.6219, -297.5424, 0.3339)","1","(0.00034, -0.00024, 0.0007)","(0.0, 0.0, 0.0)","(1.0, 1.0, 1.0)"
"AP-0257","WALL_FENCES_FENCE_MELBOURNE_0","WALL_FENCES_FENCE_MELBOURNE_0","Barrier_Wall_08","barrier","(999.5839, 725.4852, 6.3947)","19292","9608","['FENCE_MELBOURNE']","unique","track-specific","review","not_started","","Large footprint suggests merged or track-shaped mesh; review before modular extraction.","(-143.0781, -399.5725, -1.48)","(856.5058, 325.9127, 4.9147)","(356.7139, -36.8299, 1.7173)","1","(-0.00078, 0.00011, -0.00024)","(0.0, 0.0, 0.0)","(1.0, 1.0, 1.0)"
"AP-0258","WALL_SAFETY_BLOCKS_002_MELBOURNE_0","WALL_SAFETY_BLOCKS_002_MELBOURNE_0","Barrier_SafetyBlock_A","barrier","(85.2986, 64.2911, 1.8166)","734","492","['MELBOURNE']","unique","track-specific","review","not_started","","Large footprint suggests merged or track-shaped mesh; review before modular extraction.","(-106.9167, -13.6372, -1.119)","(-21.618, 50.6539, 0.6976)","(-64.2674, 18.5083, -0.2107)","1","(-3e-05, 3e-05, 0.00031)","(0.0, 0.0, 0.0)","(1.0, 1.0, 1.0)"
"AP-0259","WALL_SAFETY_BLOCKS_004_MELBOURNE_0","WALL_SAFETY_BLOCKS_004_MELBOURNE_0","Barrier_SafetyBlock_02","barrier","(80.5665, 45.6033, 1.6186)","588","392","['MELBOURNE']","unique","track-specific","review","not_started","","Large footprint suggests merged or track-shaped mesh; review before modular extraction.","(-21.7362, 63.1886, -0.6732)","(58.8304, 108.792, 0.9453)","(18.5471, 85.9903, 0.1361)","1","(-7e-05, 3e-05, 9e-05)","(0.0, 0.0, 0.0)","(1.0, 1.0, 1.0)"
"AP-0260","WALL_SAFETY_BLOCKS_007_MELBOURNE_0","WALL_SAFETY_BLOCKS_007_MELBOURNE_0","Barrier_SafetyBlock_03","barrier","(75.1243, 45.0313, 1.6217)","680","456","['MELBOURNE']","unique","track-specific","review","not_started","","Large footprint suggests merged or track-shaped mesh; review before modular extraction.","(73.1677, 250.2091, -0.3037)","(148.292, 295.2404, 1.3179)","(110.7299, 272.7247, 0.5071)","1","(-0.00078, 0.00011, -0.00183)","(0.0, 0.0, 0.0)","(1.0, 1.0, 1.0)"
"AP-0261","WALL_SAFETY_BLOCKS_009_MELBOURNE_0","WALL_SAFETY_BLOCKS_009_MELBOURNE_0","Barrier_SafetyBlock_04","barrier","(102.8935, 81.8248, 1.5333)","816","532","['MELBOURNE']","unique","track-specific","review","not_started","","Large footprint suggests merged or track-shaped mesh; review before modular extraction.","(433.4243, -109.0349, -0.8653)","(536.3179, -27.2101, 0.668)","(484.8711, -68.1225, -0.0986)","1","(-0.00048, 0.00031, -0.00045)","(0.0, 0.0, 0.0)","(1.0, 1.0, 1.0)"
"AP-0262","WALL_SAFETY_BLOCKS_011_MELBOURNE_0","WALL_SAFETY_BLOCKS_011_MELBOURNE_0","Barrier_SafetyBlock_05","barrier","(43.0483, 29.0319, 1.3726)","304","204","['MELBOURNE']","unique","track-specific","review","not_started","","Large footprint suggests merged or track-shaped mesh; review before modular extraction.","(496.7464, -30.4958, -0.6405)","(539.7947, -1.4639, 0.732)","(518.2705, -15.9799, 0.0458)","1","(-0.00407, 0.00019, -0.00017)","(0.0, 0.0, 0.0)","(1.0, 1.0, 1.0)"
"AP-0263","WALL_SAFETY_BLOCKS_013_MELBOURNE_0","WALL_SAFETY_BLOCKS_013_MELBOURNE_0","Barrier_SafetyBlock_06","barrier","(82.9137, 61.834, 1.6836)","612","408","['MELBOURNE']","unique","track-specific","review","not_started","","Large footprint suggests merged or track-shaped mesh; review before modular extraction.","(645.4546, -293.0502, -1.4872)","(728.3683, -231.2162, 0.1965)","(686.9114, -262.1332, -0.6454)","1","(-0.00474, 3e-05, -0.00185)","(0.0, 0.0, 0.0)","(1.0, 1.0, 1.0)"
"AP-0264","WALL_SAFETY_BLOCKS_014_MELBOURNE_0","WALL_SAFETY_BLOCKS_014_MELBOURNE_0","Barrier_SafetyBlock_07","barrier","(84.6697, 60.5984, 1.4338)","608","408","['MELBOURNE']","unique","track-specific","review","not_started","","Large footprint suggests merged or track-shaped mesh; review before modular extraction.","(527.7558, -316.469, -1.8451)","(612.4255, -255.8706, -0.4113)","(570.0906, -286.1698, -1.1282)","1","(-0.00396, -0.00024, 0.00054)","(0.0, 0.0, 0.0)","(1.0, 1.0, 1.0)"
"AP-0265","WALL_SAFETY_BLOCKS_016_MELBOURNE_0","WALL_SAFETY_BLOCKS_016_MELBOURNE_0","Barrier_SafetyBlock_08","barrier","(47.5412, 67.381, 1.4928)","504","328","['MELBOURNE']","unique","track-specific","review","not_started","","Large footprint suggests merged or track-shaped mesh; review before modular extraction.","(469.3062, -260.1876, -1.5898)","(516.8474, -192.8066, -0.0971)","(493.0768, -226.4971, -0.8435)","1","(0.00059, -0.00012, -0.00149)","(0.0, 0.0, 0.0)","(1.0, 1.0, 1.0)"
"AP-0266","WALL_SAFETY_BLOCKS_55_MELBOURNE_0","WALL_SAFETY_BLOCKS_55_MELBOURNE_0","Barrier_SafetyBlock_09","barrier","(82.2039, 39.8356, 1.4392)","612","408","['MELBOURNE']","unique","track-specific","review","not_started","","Large footprint suggests merged or track-shaped mesh; review before modular extraction.","(85.0948, -121.9936, -1.1984)","(167.2987, -82.158, 0.2408)","(126.1968, -102.0758, -0.4788)","1","(-0.002, 4e-05, 0.00016)","(0.0, 0.0, 0.0)","(1.0, 1.0, 1.0)"
"AP-0267","WALL_SAFETY_BLOCKS__MELBOURNE_0","WALL_SAFETY_BLOCKS__MELBOURNE_0","Barrier_SafetyBlock_10","barrier","(43.4251, 56.3638, 1.4954)","576","392","['MELBOURNE']","unique","track-specific","review","not_started","","Large footprint suggests merged or track-shaped mesh; review before modular extraction.","(111.6507, -183.8923, -1.5476)","(155.0758, -127.5285, -0.0523)","(133.3633, -155.7104, -0.8)","1","(-0.00097, 9e-05, -0.00028)","(0.0, 0.0, 0.0)","(1.0, 1.0, 1.0)"
